COUNTY,MUNICIPALITY,CLASS
Adams,Abbottstown Borough,Borough
Adams,Arendtsville Borough,Borough
Adams,Bendersville Borough,Borough
Adams,Berwick Township,2nd Township
Adams,Biglerville Borough,Borough
Adams,Bonneauville Borough,Borough
Adams,Butler Township,2nd Township
Adams,Carroll Valley Borough,Borough
Adams,Conewago Township,2nd Township
Adams,Cumberland Township,2nd Township
Adams,East Berlin Borough,Borough
Adams,Fairfield Borough,Borough
Adams,Franklin Township,2nd Township
Adams,Freedom Township,2nd Township
Adams,Germany Township,2nd Township
Adams,Gettysburg Borough,Borough
Adams,Hamilton Township,2nd Township
Adams,Hamiltonban Township,2nd Township
Adams,Highland Township,2nd Township
Adams,Huntington Township,2nd Township
Adams,Latimore Township,2nd Township
Adams,Liberty Township,2nd Township
Adams,Littlestown Borough,Borough
Adams,Mcsherrystown Borough,Borough
Adams,Menallen Township,2nd Township
Adams,Mt Joy Township,2nd Township
Adams,Mt Pleasant Township,2nd Township
Adams,New Oxford Borough,Borough
Adams,Oxford Township,2nd Township
Adams,Reading Township,2nd Township
Adams,Straban Township,2nd Township
Adams,Tyrone Township,2nd Township
Adams,Union Township,2nd Township
Adams,York Springs Borough,Borough
Allegheny,Aleppo Township,1st Township
Allegheny,Aspinwall Borough,Borough
Allegheny,Avalon Borough,Borough
Allegheny,Baldwin Borough,Borough
Allegheny,Baldwin Township,1st Township
Allegheny,Bell Acres Borough,Borough
Allegheny,Bellevue Borough,Borough
Allegheny,Ben Avon Borough,Borough
Allegheny,Ben Avon Heights Borough,Borough
Allegheny,Bethel Park Borough,Borough
Allegheny,Blawnox Borough,Borough
Allegheny,Brackenridge Borough,Borough
Allegheny,Braddock Borough,Borough
Allegheny,Braddock Hills Borough,Borough
Allegheny,Bradford Woods Borough,Borough
Allegheny,Brentwood Borough,Borough
Allegheny,Bridgeville Borough,Borough
Allegheny,Carnegie Borough,Borough
Allegheny,Castle Shannon Borough,Borough
Allegheny,Chalfant Borough,Borough
Allegheny,Cheswick Borough,Borough
Allegheny,Churchill Borough,Borough
Allegheny,Clairton City,City
Allegheny,Collier Township,1st Township
Allegheny,Coraopolis Borough,Borough
Allegheny,Crafton Borough,Borough
Allegheny,Crescent Township,1st Township
Allegheny,Dormont Borough,Borough
Allegheny,Dravosburg Borough,Borough
Allegheny,Duquesne City,City
Allegheny,East Deer Township,1st Township
Allegheny,East Mckeesport Borough,Borough
Allegheny,East Pittsburgh Borough,Borough
Allegheny,Edgewood Borough,Borough
Allegheny,Edgeworth Borough,Borough
Allegheny,Elizabeth Borough,Borough
Allegheny,Elizabeth Township,1st Township
Allegheny,Emsworth Borough,Borough
Allegheny,Etna Borough,Borough
Allegheny,Fawn Township,2nd Township
Allegheny,Findlay Township,2nd Township
Allegheny,Forest Hills Borough,Borough
Allegheny,Forward Township,2nd Township
Allegheny,Fox Chapel Borough,Borough
Allegheny,Franklin Park Borough,Borough
Allegheny,Frazer Township,2nd Township
Allegheny,Glassport Borough,Borough
Allegheny,Glen Osborne Borough,Borough
Allegheny,Glenfield Borough,Borough
Allegheny,Green Tree Borough,Borough
Allegheny,Hampton Township,2nd Township
Allegheny,Harmar Township,2nd Township
Allegheny,Harrison Township,1st Township
Allegheny,Haysville Borough,Borough
Allegheny,Heidelberg Borough,Borough
Allegheny,Homestead Borough,Borough
Allegheny,Indiana Township,2nd Township
Allegheny,Ingram Borough,Borough
Allegheny,Jefferson Hills Borough,Borough
Allegheny,Kennedy Township,1st Township
Allegheny,Kilbuck Township,2nd Township
Allegheny,Leet Township,1st Township
Allegheny,Leetsdale Borough,Borough
Allegheny,Liberty Borough,Borough
Allegheny,Lincoln Borough,Borough
Allegheny,Marshall Township,2nd Township
Allegheny,Mccandless Township,1st Township
Allegheny,Mckees Rocks Borough,Borough
Allegheny,Mckeesport City,City
Allegheny,Millvale Borough,Borough
Allegheny,Monroeville Borough,Borough
Allegheny,Moon Township,2nd Township
Allegheny,Mount Oliver Borough,Borough
Allegheny,Mt Lebanon Township,1st Township
Allegheny,Munhall Borough,Borough
Allegheny,Neville Township,1st Township
Allegheny,North Braddock Borough,Borough
Allegheny,North Fayette Township,2nd Township
Allegheny,North Versailles Township,1st Township
Allegheny,Oakdale Borough,Borough
Allegheny,Oakmont Borough,Borough
Allegheny,Ohara Township,1st Township
Allegheny,Ohio Township,2nd Township
Allegheny,Penn Hills Township,1st Township
Allegheny,Pennsbury Village Borough,Borough
Allegheny,Pine Township,2nd Township
Allegheny,Pitcairn Borough,Borough
Allegheny,Pittsburgh City,City
Allegheny,Pleasant Hills Borough,Borough
Allegheny,Plum Borough,Borough
Allegheny,Port Vue Borough,Borough
Allegheny,Rankin Borough,Borough
Allegheny,Reserve Township,1st Township
Allegheny,Richland Township,2nd Township
Allegheny,Robinson Township,1st Township
Allegheny,Ross Township,1st Township
Allegheny,Rosslyn Farms Borough,Borough
Allegheny,Scott Township,1st Township
Allegheny,Sewickley Borough,Borough
Allegheny,Sewickley Heights Borough,Borough
Allegheny,Sewickley Hills Borough,Borough
Allegheny,Shaler Township,1st Township
Allegheny,Sharpsburg Borough,Borough
Allegheny,South Fayette Township,1st Township
Allegheny,South Park Township,2nd Township
Allegheny,South Versailles Township,1st Township
Allegheny,Springdale Borough,Borough
Allegheny,Springdale Township,1st Township
Allegheny,Stowe Township,1st Township
Allegheny,Swissvale Borough,Borough
Allegheny,Tarentum Borough,Borough
Allegheny,Thornburg Borough,Borough
Allegheny,Turtle Creek Borough,Borough
Allegheny,Upper St Clair Township,1st Township
Allegheny,Verona Borough,Borough
Allegheny,Versailles Borough,Borough
Allegheny,Wall Borough,Borough
Allegheny,West Deer Township,2nd Township
Allegheny,West Elizabeth Borough,Borough
Allegheny,West Homestead Borough,Borough
Allegheny,West Mifflin Borough,Borough
Allegheny,West View Borough,Borough
Allegheny,Whitaker Borough,Borough
Allegheny,White Oak Borough,Borough
Allegheny,Whitehall Borough,Borough
Allegheny,Wilkins Township,1st Township
Allegheny,Wilkinsburg Borough,Borough
Allegheny,Wilmerding Borough,Borough
Armstrong,Apollo Borough,Borough
Armstrong,Applewold Borough,Borough
Armstrong,Atwood Borough,Borough
Armstrong,Bethel Township,2nd Township
Armstrong,Boggs Township,2nd Township
Armstrong,Bradys Bend Township,2nd Township
Armstrong,Burrell Township,2nd Township
Armstrong,Cadogan Township,2nd Township
Armstrong,Cowanshannock Township,2nd Township
Armstrong,Dayton Borough,Borough
Armstrong,East Franklin Township,2nd Township
Armstrong,Elderton Borough,Borough
Armstrong,Ford City Borough,Borough
Armstrong,Ford Cliff Borough,Borough
Armstrong,Freeport Borough,Borough
Armstrong,Gilpin Township,2nd Township
Armstrong,Hovey Township,2nd Township
Armstrong,Kiskiminetas Township,2nd Township
Armstrong,Kittanning Borough,Borough
Armstrong,Kittanning Township,2nd Township
Armstrong,Leechburg Borough,Borough
Armstrong,Madison Township,2nd Township
Armstrong,Mahoning Township,2nd Township
Armstrong,Manor Township,2nd Township
Armstrong,Manorville Borough,Borough
Armstrong,North Apollo Borough,Borough
Armstrong,North Buffalo Township,2nd Township
Armstrong,Parker City,City
Armstrong,Parks Township,2nd Township
Armstrong,Perry Township,2nd Township
Armstrong,Pine Township,2nd Township
Armstrong,Plumcreek Township,2nd Township
Armstrong,Rayburn Township,2nd Township
Armstrong,Redbank Township,2nd Township
Armstrong,Rural Valley Borough,Borough
Armstrong,South Bend Township,2nd Township
Armstrong,South Bethlehem Borough,Borough
Armstrong,South Buffalo Township,2nd Township
Armstrong,Sugarcreek Township,2nd Township
Armstrong,Valley Township,2nd Township
Armstrong,Washington Township,2nd Township
Armstrong,Wayne Township,2nd Township
Armstrong,West Franklin Township,2nd Township
Armstrong,West Kittanning Borough,Borough
Armstrong,Worthington Borough,Borough
Beaver,Aliquippa City,City
Beaver,Ambridge Borough,Borough
Beaver,Baden Borough,Borough
Beaver,Beaver Borough,Borough
Beaver,Beaver Falls City,City
Beaver,Big Beaver Borough,Borough
Beaver,Bridgewater Borough,Borough
Beaver,Brighton Township,2nd Township
Beaver,Center Township,2nd Township
Beaver,Chippewa Township,2nd Township
Beaver,Conway Borough,Borough
Beaver,Darlington Borough,Borough
Beaver,Darlington Township,2nd Township
Beaver,Daugherty Township,2nd Township
Beaver,East Rochester Borough,Borough
Beaver,Eastvale Borough,Borough
Beaver,Economy Borough,Borough
Beaver,Fallston Borough,Borough
Beaver,Frankfort Springs Borough,Borough
Beaver,Franklin Township,2nd Township
Beaver,Freedom Borough,Borough
Beaver,Georgetown Borough,Borough
Beaver,Glasgow Borough,Borough
Beaver,Greene Township,2nd Township
Beaver,Hanover Township,2nd Township
Beaver,Harmony Township,1st Township
Beaver,Homewood Borough,Borough
Beaver,Hookstown Borough,Borough
Beaver,Hopewell Township,1st Township
Beaver,Independence Township,2nd Township
Beaver,Industry Borough,Borough
Beaver,Koppel Borough,Borough
Beaver,Marion Township,2nd Township
Beaver,Midland Borough,Borough
Beaver,Monaca Borough,Borough
Beaver,New Brighton Borough,Borough
Beaver,New Galilee Borough,Borough
Beaver,New Sewickley Township,2nd Township
Beaver,North Sewickley Township,2nd Township
Beaver,Ohioville Borough,Borough
Beaver,Patterson Heights Borough,Borough
Beaver,Patterson Township,1st Township
Beaver,Potter Township,2nd Township
Beaver,Pulaski Township,2nd Township
Beaver,Raccoon Township,2nd Township
Beaver,Rochester Borough,Borough
Beaver,Rochester Township,1st Township
Beaver,Shippingport Borough,Borough
Beaver,South Beaver Township,2nd Township
Beaver,South Heights Borough,Borough
Beaver,Vanport Township,1st Township
Beaver,West Mayfield Borough,Borough
Beaver,White Township,2nd Township
Bedford,Bedford Borough,Borough
Bedford,Bedford Township,2nd Township
Bedford,Bloomfield Township,2nd Township
Bedford,Broad Top Township,2nd Township
Bedford,Coaldale Borough,Borough
Bedford,Colerain Township,2nd Township
Bedford,Cumberland Valley Township,2nd Township
Bedford,East Providence Township,2nd Township
Bedford,East St Clair Township,2nd Township
Bedford,Everett Borough,Borough
Bedford,Harrison Township,2nd Township
Bedford,Hopewell Borough,Borough
Bedford,Hopewell Township,2nd Township
Bedford,Hyndman Borough,Borough
Bedford,Juniata Township,2nd Township
Bedford,Kimmel Township,2nd Township
Bedford,King Township,2nd Township
Bedford,Liberty Township,2nd Township
Bedford,Lincoln Township,2nd Township
Bedford,Londonderry Township,2nd Township
Bedford,Mann Township,2nd Township
Bedford,Manns Choice Borough,Borough
Bedford,Monroe Township,2nd Township
Bedford,Napier Township,2nd Township
Bedford,New Paris Borough,Borough
Bedford,Pavia Township,2nd Township
Bedford,Pleasantville Borough,Borough
Bedford,Rainsburg Borough,Borough
Bedford,Saxton Borough,Borough
Bedford,Schellsburg Borough,Borough
Bedford,Snake Spring Township,2nd Township
Bedford,South Woodbury Township,2nd Township
Bedford,Southampton Township,2nd Township
Bedford,St Clairsville Borough,Borough
Bedford,West Providence Township,2nd Township
Bedford,West St Clair Township,2nd Township
Bedford,Woodbury Borough,Borough
Bedford,Woodbury Township,2nd Township
Berks,Albany Township,2nd Township
Berks,Alsace Township,2nd Township
Berks,Amity Township,2nd Township
Berks,Bally Borough,Borough
Berks,Bechtelsville Borough,Borough
Berks,Bern Township,2nd Township
Berks,Bernville Borough,Borough
Berks,Bethel Township,2nd Township
Berks,Birdsboro Borough,Borough
Berks,Boyertown Borough,Borough
Berks,Brecknock Township,2nd Township
Berks,Caernarvon Township,2nd Township
Berks,Centerport Borough,Borough
Berks,Centre Township,2nd Township
Berks,Colebrookdale Township,1st Township
Berks,Cumru Township,1st Township
Berks,District Township,2nd Township
Berks,Douglass Township,2nd Township
Berks,Earl Township,2nd Township
Berks,Exeter Township,2nd Township
Berks,Fleetwood Borough,Borough
Berks,Greenwich Township,2nd Township
Berks,Hamburg Borough,Borough
Berks,Heidelberg Township,2nd Township
Berks,Hereford Township,2nd Township
Berks,Jefferson Township,2nd Township
Berks,Kenhorst Borough,Borough
Berks,Kutztown Borough,Borough
Berks,Laureldale Borough,Borough
Berks,Leesport Borough,Borough
Berks,Lenhartsville Borough,Borough
Berks,Longswamp Township,2nd Township
Berks,Lower Alsace Township,2nd Township
Berks,Lower Heidelberg Township,2nd Township
Berks,Lyons Borough,Borough
Berks,Maidencreek Township,2nd Township
Berks,Marion Township,2nd Township
Berks,Maxatawny Township,2nd Township
Berks,Mohnton Borough,Borough
Berks,Mt Penn Borough,Borough
Berks,Muhlenberg Township,1st Township
Berks,New Morgan Borough,Borough
Berks,North Heidelberg Township,2nd Township
Berks,Oley Township,2nd Township
Berks,Ontelaunee Township,2nd Township
Berks,Penn Township,2nd Township
Berks,Perry Township,2nd Township
Berks,Pike Township,2nd Township
Berks,Reading City,City
Berks,Richmond Township,2nd Township
Berks,Robeson Township,2nd Township
Berks,Robesonia Borough,Borough
Berks,Rockland Township,2nd Township
Berks,Ruscombmanor Township,2nd Township
Berks,Shillington Borough,Borough
Berks,Shoemakersville Borough,Borough
Berks,Sinking Spring Borough,Borough
Berks,South Heidelberg Township,2nd Township
Berks,Spring Township,2nd Township
Berks,St Lawrence Borough,Borough
Berks,Tilden Township,2nd Township
Berks,Topton Borough,Borough
Berks,Tulpehocken Township,2nd Township
Berks,Union Township,2nd Township
Berks,Upper Bern Township,2nd Township
Berks,Upper Tulpehocken Township,2nd Township
Berks,Washington Township,2nd Township
Berks,Wernersville Borough,Borough
Berks,West Reading Borough,Borough
Berks,Windsor Township,2nd Township
Berks,Womelsdorf Borough,Borough
Berks,Wyomissing Borough,Borough
Blair,Allegheny Township,2nd Township
Blair,Altoona City,City
Blair,Antis Township,2nd Township
Blair,Bellwood Borough,Borough
Blair,Blair Township,2nd Township
Blair,Catharine Township,2nd Township
Blair,Duncansville Borough,Borough
Blair,Frankstown Township,2nd Township
Blair,Freedom Township,2nd Township
Blair,Greenfield Township,2nd Township
Blair,Hollidaysburg Borough,Borough
Blair,Huston Township,2nd Township
Blair,Juniata Township,2nd Township
Blair,Logan Township,2nd Township
Blair,Martinsburg Borough,Borough
Blair,Newry Borough,Borough
Blair,North Woodbury Township,2nd Township
Blair,Roaring Spring Borough,Borough
Blair,Snyder Township,2nd Township
Blair,Taylor Township,2nd Township
Blair,Tyrone Borough,Borough
Blair,Tyrone Township,2nd Township
Blair,Williamsburg Borough,Borough
Blair,Woodbury Township,2nd Township
Bradford,Alba Borough,Borough
Bradford,Albany Township,2nd Township
Bradford,Armenia Township,2nd Township
Bradford,Asylum Township,2nd Township
Bradford,Athens Borough,Borough
Bradford,Athens Township,2nd Township
Bradford,Burlington Borough,Borough
Bradford,Burlington Township,2nd Township
Bradford,Canton Borough,Borough
Bradford,Canton Township,2nd Township
Bradford,Columbia Township,2nd Township
Bradford,Franklin Township,2nd Township
Bradford,Granville Township,2nd Township
Bradford,Herrick Township,2nd Township
Bradford,Leraysville Borough,Borough
Bradford,Leroy Township,2nd Township
Bradford,Litchfield Township,2nd Township
Bradford,Monroe Borough,Borough
Bradford,Monroe Township,2nd Township
Bradford,New Albany Borough,Borough
Bradford,North Towanda Township,2nd Township
Bradford,Orwell Township,2nd Township
Bradford,Overton Township,2nd Township
Bradford,Pike Township,2nd Township
Bradford,Ridgebury Township,2nd Township
Bradford,Rome Borough,Borough
Bradford,Rome Township,2nd Township
Bradford,Sayre Borough,Borough
Bradford,Sheshequin Township,2nd Township
Bradford,Smithfield Township,2nd Township
Bradford,South Creek Township,2nd Township
Bradford,South Waverly Borough,Borough
Bradford,Springfield Township,2nd Township
Bradford,Standing Stone Township,2nd Township
Bradford,Stevens Township,2nd Township
Bradford,Sylvania Borough,Borough
Bradford,Terry Township,2nd Township
Bradford,Towanda Borough,Borough
Bradford,Towanda Township,2nd Township
Bradford,Troy Borough,Borough
Bradford,Troy Township,2nd Township
Bradford,Tuscarora Township,2nd Township
Bradford,Ulster Township,2nd Township
Bradford,Warren Township,2nd Township
Bradford,Wells Township,2nd Township
Bradford,West Burlington Township,2nd Township
Bradford,Wilmot Township,2nd Township
Bradford,Windham Township,2nd Township
Bradford,Wyalusing Borough,Borough
Bradford,Wyalusing Township,2nd Township
Bradford,Wysox Township,2nd Township
Bucks,Bedminster Township,2nd Township
Bucks,Bensalem Township,2nd Township
Bucks,Bridgeton Township,2nd Township
Bucks,Bristol Borough,Borough
Bucks,Bristol Township,1st Township
Bucks,Buckingham Township,2nd Township
Bucks,Chalfont Borough,Borough
Bucks,Doylestown Borough,Borough
Bucks,Doylestown Township,2nd Township
Bucks,Dublin Borough,Borough
Bucks,Durham Township,2nd Township
Bucks,East Rockhill Township,2nd Township
Bucks,Falls Township,2nd Township
Bucks,Haycock Township,2nd Township
Bucks,Hilltown Township,2nd Township
Bucks,Hulmeville Borough,Borough
Bucks,Ivyland Borough,Borough
Bucks,Langhorne Borough,Borough
Bucks,Langhorne Manor Borough,Borough
Bucks,Lower Makefield Township,2nd Township
Bucks,Lower Southampton Township,2nd Township
Bucks,Middletown Township,2nd Township
Bucks,Milford Township,2nd Township
Bucks,Morrisville Borough,Borough
Bucks,New Britain Borough,Borough
Bucks,New Britain Township,2nd Township
Bucks,New Hope Borough,Borough
Bucks,Newtown Borough,Borough
Bucks,Newtown Township,2nd Township
Bucks,Nockamixon Township,2nd Township
Bucks,Northampton Township,2nd Township
Bucks,Penndel Borough,Borough
Bucks,Perkasie Borough,Borough
Bucks,Plumstead Township,2nd Township
Bucks,Quakertown Borough,Borough
Bucks,Richland Township,2nd Township
Bucks,Richlandtown Borough,Borough
Bucks,Riegelsville Borough,Borough
Bucks,Sellersville Borough,Borough
Bucks,Silverdale Borough,Borough
Bucks,Solebury Township,2nd Township
Bucks,Springfield Township,2nd Township
Bucks,Tinicum Township,2nd Township
Bucks,Trumbauersville Borough,Borough
Bucks,Tullytown Borough,Borough
Bucks,Upper Makefield Township,2nd Township
Bucks,Upper Southampton Township,2nd Township
Bucks,Warminster Township,2nd Township
Bucks,Warrington Township,2nd Township
Bucks,Warwick Township,2nd Township
Bucks,West Rockhill Township,2nd Township
Bucks,Wrightstown Township,2nd Township
Bucks,Yardley Borough,Borough
Butler,Adams Township,2nd Township
Butler,Allegheny Township,2nd Township
Butler,Brady Township,2nd Township
Butler,Bruin Borough,Borough
Butler,Buffalo Township,2nd Township
Butler,Butler City,City
Butler,Butler Township,1st Township
Butler,Callery Borough,Borough
Butler,Center Township,2nd Township
Butler,Cherry Township,2nd Township
Butler,Cherry Valley Borough,Borough
Butler,Chicora Borough,Borough
Butler,Clay Township,2nd Township
Butler,Clearfield Township,2nd Township
Butler,Clinton Township,2nd Township
Butler,Concord Township,2nd Township
Butler,Connoquenessing Borough,Borough
Butler,Connoquenessing Township,2nd Township
Butler,Cranberry Township,2nd Township
Butler,Donegal Township,2nd Township
Butler,East Butler Borough,Borough
Butler,Eau Claire Borough,Borough
Butler,Evans City Borough,Borough
Butler,Fairview Borough,Borough
Butler,Fairview Township,2nd Township
Butler,Forward Township,2nd Township
Butler,Franklin Township,2nd Township
Butler,Harmony Borough,Borough
Butler,Harrisville Borough,Borough
Butler,Jackson Township,2nd Township
Butler,Jefferson Township,2nd Township
Butler,Karns City Borough,Borough
Butler,Lancaster Township,2nd Township
Butler,Marion Township,2nd Township
Butler,Mars Borough,Borough
Butler,Mercer Township,2nd Township
Butler,Middlesex Township,2nd Township
Butler,Muddy Creek Township,2nd Township
Butler,Oakland Township,2nd Township
Butler,Parker Township,2nd Township
Butler,Penn Township,2nd Township
Butler,Petrolia Borough,Borough
Butler,Portersville Borough,Borough
Butler,Prospect Borough,Borough
Butler,Saxonburg Borough,Borough
Butler,Seven Fields Borough,Borough
Butler,Slippery Rock Borough,Borough
Butler,Slippery Rock Township,2nd Township
Butler,Summit Township,2nd Township
Butler,Valencia Borough,Borough
Butler,Venango Township,2nd Township
Butler,Washington Township,2nd Township
Butler,West Liberty Borough,Borough
Butler,West Sunbury Borough,Borough
Butler,Winfield Township,2nd Township
Butler,Worth Township,2nd Township
Butler,Zelienople Borough,Borough
Cambria,Adams Township,2nd Township
Cambria,Allegheny Township,2nd Township
Cambria,Ashville Borough,Borough
Cambria,Barr Township,2nd Township
Cambria,Blacklick Township,2nd Township
Cambria,Brownstown Borough,Borough
Cambria,Cambria Township,2nd Township
Cambria,Carrolltown Borough,Borough
Cambria,Cassandra Borough,Borough
Cambria,Chest Springs Borough,Borough
Cambria,Chest Township,2nd Township
Cambria,Clearfield Township,2nd Township
Cambria,Conemaugh Township,2nd Township
Cambria,Cresson Borough,Borough
Cambria,Cresson Township,2nd Township
Cambria,Croyle Township,2nd Township
Cambria,Daisytown Borough,Borough
Cambria,Dale Borough,Borough
Cambria,Dean Township,2nd Township
Cambria,East Carroll Township,2nd Township
Cambria,East Conemaugh Borough,Borough
Cambria,East Taylor Township,2nd Township
Cambria,Ebensburg Borough,Borough
Cambria,Ehrenfeld Borough,Borough
Cambria,Elder Township,2nd Township
Cambria,Ferndale Borough,Borough
Cambria,Franklin Borough,Borough
Cambria,Gallitzin Borough,Borough
Cambria,Gallitzin Township,2nd Township
Cambria,Geistown Borough,Borough
Cambria,Hastings Borough,Borough
Cambria,Jackson Township,2nd Township
Cambria,Johnstown City,City
Cambria,Lilly Borough,Borough
Cambria,Lorain Borough,Borough
Cambria,Loretto Borough,Borough
Cambria,Lower Yoder Township,2nd Township
Cambria,Middle Taylor Township,2nd Township
Cambria,Munster Township,2nd Township
Cambria,Nanty Glo Borough,Borough
Cambria,Northern Cambria Borough,Borough
Cambria,Patton Borough,Borough
Cambria,Portage Borough,Borough
Cambria,Portage Township,2nd Township
Cambria,Reade Township,2nd Township
Cambria,Richland Township,2nd Township
Cambria,Sankertown Borough,Borough
Cambria,Scalp Level Borough,Borough
Cambria,South Fork Borough,Borough
Cambria,Southmont Borough,Borough
Cambria,Stonycreek Township,1st Township
Cambria,Summerhill Borough,Borough
Cambria,Summerhill Township,2nd Township
Cambria,Susquehanna Township,2nd Township
Cambria,Tunnelhill Borough,Borough
Cambria,Upper Yoder Township,2nd Township
Cambria,Vintondale Borough,Borough
Cambria,Washington Township,2nd Township
Cambria,West Carroll Township,2nd Township
Cambria,West Taylor Township,2nd Township
Cambria,Westmont Borough,Borough
Cambria,White Township,2nd Township
Cambria,Wilmore Borough,Borough
Cameron,Driftwood Borough,Borough
Cameron,Emporium Borough,Borough
Cameron,Gibson Township,2nd Township
Cameron,Grove Township,2nd Township
Cameron,Lumber Township,2nd Township
Cameron,Portage Township,2nd Township
Cameron,Shippen Township,2nd Township
Carbon,Banks Township,2nd Township
Carbon,Beaver Meadows Borough,Borough
Carbon,Bowmanstown Borough,Borough
Carbon,East Penn Township,2nd Township
Carbon,East Side Borough,Borough
Carbon,Franklin Township,2nd Township
Carbon,Jim Thorpe Borough,Borough
Carbon,Kidder Township,2nd Township
Carbon,Lansford Borough,Borough
Carbon,Lausanne Township,2nd Township
Carbon,Lehigh Township,2nd Township
Carbon,Lehighton Borough,Borough
Carbon,Lower Towamensing Township,2nd Township
Carbon,Mahoning Township,2nd Township
Carbon,Nesquehoning Borough,Borough
Carbon,Packer Township,2nd Township
Carbon,Palmerton Borough,Borough
Carbon,Parryville Borough,Borough
Carbon,Penn Forest Township,2nd Township
Carbon,Summit Hill Borough,Borough
Carbon,Towamensing Township,2nd Township
Carbon,Weatherly Borough,Borough
Carbon,Weissport Borough,Borough
Centre,Bellefonte Borough,Borough
Centre,Benner Township,2nd Township
Centre,Boggs Township,2nd Township
Centre,Burnside Township,2nd Township
Centre,Centre Hall Borough,Borough
Centre,College Township,2nd Township
Centre,Curtin Township,2nd Township
Centre,Ferguson Township,2nd Township
Centre,Gregg Township,2nd Township
Centre,Haines Township,2nd Township
Centre,Halfmoon Township,2nd Township
Centre,Harris  Township,2nd Township
Centre,Howard Borough,Borough
Centre,Howard Township,2nd Township
Centre,Huston Township,2nd Township
Centre,Liberty Township,2nd Township
Centre,Marion Township,2nd Township
Centre,Miles Township,2nd Township
Centre,Milesburg Borough,Borough
Centre,Millheim Borough,Borough
Centre,Patton Township,2nd Township
Centre,Penn Township,2nd Township
Centre,Philipsburg Borough,Borough
Centre,Port Matilda Borough,Borough
Centre,Potter Township,2nd Township
Centre,Rush Township,2nd Township
Centre,Snow Shoe Borough,Borough
Centre,Snow Shoe Township,2nd Township
Centre,Spring Township,2nd Township
Centre,State College Borough,Borough
Centre,Taylor Township,2nd Township
Centre,Union Township,2nd Township
Centre,Unionville Borough,Borough
Centre,Walker Township,2nd Township
Centre,Worth Township,2nd Township
Chester,Atglen Borough,Borough
Chester,Avondale Borough,Borough
Chester,Birmingham Township,2nd Township
Chester,Caln Township,1st Township
Chester,Charlestown Township,2nd Township
Chester,Coatesville City,City
Chester,Downingtown Borough,Borough
Chester,East Bradford Township,2nd Township
Chester,East Brandywine Township,2nd Township
Chester,East Caln Township,2nd Township
Chester,East Coventry Township,2nd Township
Chester,East Fallowfield Township,2nd Township
Chester,East Goshen Township,2nd Township
Chester,East Marlborough Township,2nd Township
Chester,East Nantmeal Township,2nd Township
Chester,East Nottingham Township,2nd Township
Chester,East Pikeland Township,2nd Township
Chester,East Vincent Township,2nd Township
Chester,East Whiteland Township,2nd Township
Chester,Easttown Township,2nd Township
Chester,Elk Township,2nd Township
Chester,Elverson Borough,Borough
Chester,Franklin Township,2nd Township
Chester,Highland Township,2nd Township
Chester,Honey Brook Borough,Borough
Chester,Honey Brook Township,2nd Township
Chester,Kennett Square Borough,Borough
Chester,Kennett Township,2nd Township
Chester,London Britain Township,2nd Township
Chester,London Grove Township,2nd Township
Chester,Londonderry Township,2nd Township
Chester,Lower Oxford Township,2nd Township
Chester,Malvern Borough,Borough
Chester,Modena Borough,Borough
Chester,New Garden Township,2nd Township
Chester,New London Township,2nd Township
Chester,Newlin Township,2nd Township
Chester,North Coventry Township,2nd Township
Chester,Oxford Borough,Borough
Chester,Parkesburg Borough,Borough
Chester,Penn Township,2nd Township
Chester,Pennsbury Township,2nd Township
Chester,Phoenixville Borough,Borough
Chester,Pocopson Township,2nd Township
Chester,Sadsbury Township,2nd Township
Chester,Schuylkill Township,2nd Township
Chester,South Coatesville Borough,Borough
Chester,South Coventry Township,2nd Township
Chester,Spring City Borough,Borough
Chester,Thornbury Township,2nd Township
Chester,Tredyffrin Township,2nd Township
Chester,Upper Oxford Township,2nd Township
Chester,Upper Uwchlan Township,2nd Township
Chester,Uwchlan Township,2nd Township
Chester,Valley Township,2nd Township
Chester,Wallace Township,2nd Township
Chester,Warwick Township,2nd Township
Chester,West Bradford Township,2nd Township
Chester,West Brandywine Township,2nd Township
Chester,West Caln Township,2nd Township
Chester,West Chester Borough,Borough
Chester,West Fallowfield Township,2nd Township
Chester,West Goshen Township,2nd Township
Chester,West Grove Borough,Borough
Chester,West Marlborough Township,2nd Township
Chester,West Nantmeal Township,2nd Township
Chester,West Nottingham Township,2nd Township
Chester,West Pikeland Township,2nd Township
Chester,West Sadsbury Township,2nd Township
Chester,West Vincent Township,2nd Township
Chester,West Whiteland Township,2nd Township
Chester,Westtown Township,2nd Township
Chester,Willistown Township,2nd Township
Clarion,Ashland Township,2nd Township
Clarion,Beaver Township,2nd Township
Clarion,Brady Township,2nd Township
Clarion,Callensburg Borough,Borough
Clarion,Clarion Borough,Borough
Clarion,Clarion Township,2nd Township
Clarion,East Brady Borough,Borough
Clarion,Elk Township,2nd Township
Clarion,Farmington Township,2nd Township
Clarion,Foxburg Borough,Borough
Clarion,Hawthorn Borough,Borough
Clarion,Highland Township,2nd Township
Clarion,Knox Borough,Borough
Clarion,Knox Township,2nd Township
Clarion,Licking Township,2nd Township
Clarion,Limestone Township,2nd Township
Clarion,Madison Township,2nd Township
Clarion,Millcreek Township,2nd Township
Clarion,Monroe Township,2nd Township
Clarion,New Bethlehem Borough,Borough
Clarion,Paint Township,2nd Township
Clarion,Perry Township,2nd Township
Clarion,Piney Township,2nd Township
Clarion,Porter Township,2nd Township
Clarion,Redbank Township,2nd Township
Clarion,Richland Township,2nd Township
Clarion,Rimersburg Borough,Borough
Clarion,Salem Township,2nd Township
Clarion,Shippenville Borough,Borough
Clarion,Sligo Borough,Borough
Clarion,St Petersburg Borough,Borough
Clarion,Strattanville Borough,Borough
Clarion,Toby Township,2nd Township
Clarion,Washington Township,2nd Township
Clearfield,Beccaria Township,2nd Township
Clearfield,Bell Township,2nd Township
Clearfield,Bigler Township,2nd Township
Clearfield,Bloom Township,2nd Township
Clearfield,Boggs Township,2nd Township
Clearfield,Bradford Township,2nd Township
Clearfield,Brady Township,2nd Township
Clearfield,Brisbin Borough,Borough
Clearfield,Burnside Borough,Borough
Clearfield,Burnside Township,2nd Township
Clearfield,Chest Township,2nd Township
Clearfield,Chester Hill Borough,Borough
Clearfield,Clearfield Borough,Borough
Clearfield,Coalport Borough,Borough
Clearfield,Cooper Township,2nd Township
Clearfield,Covington Township,2nd Township
Clearfield,Curwensville Borough,Borough
Clearfield,Decatur Township,2nd Township
Clearfield,Dubois City,City
Clearfield,Ferguson Township,2nd Township
Clearfield,Girard Township,2nd Township
Clearfield,Glen Hope Borough,Borough
Clearfield,Goshen Township,2nd Township
Clearfield,Graham Township,2nd Township
Clearfield,Grampian Borough,Borough
Clearfield,Greenwood Township,2nd Township
Clearfield,Gulich Township,2nd Township
Clearfield,Houtzdale Borough,Borough
Clearfield,Huston Township,2nd Township
Clearfield,Irvona Borough,Borough
Clearfield,Jordan Township,2nd Township
Clearfield,Karthaus Township,2nd Township
Clearfield,Knox Township,2nd Township
Clearfield,Lawrence Township,2nd Township
Clearfield,Mahaffey Borough,Borough
Clearfield,Morris Township,2nd Township
Clearfield,New Washington Borough,Borough
Clearfield,Newburg Borough,Borough
Clearfield,Osceola Mills Borough,Borough
Clearfield,Penn Township,2nd Township
Clearfield,Pike Township,2nd Township
Clearfield,Pine Township,2nd Township
Clearfield,Ramey Borough,Borough
Clearfield,Sandy Township,2nd Township
Clearfield,Troutville Borough,Borough
Clearfield,Union Township,2nd Township
Clearfield,Wallaceton Borough,Borough
Clearfield,Westover Borough,Borough
Clearfield,Woodward Township,2nd Township
Clinton,Allison Township,2nd Township
Clinton,Avis Borough,Borough
Clinton,Bald Eagle Township,2nd Township
Clinton,Beech Creek Borough,Borough
Clinton,Beech Creek Township,2nd Township
Clinton,Castanea Township,2nd Township
Clinton,Chapman Township,2nd Township
Clinton,Colebrook Township,2nd Township
Clinton,Crawford Township,2nd Township
Clinton,Dunnstable Township,2nd Township
Clinton,East Keating Township,2nd Township
Clinton,Flemington Borough,Borough
Clinton,Gallagher Township,2nd Township
Clinton,Greene Township,2nd Township
Clinton,Grugan Township,2nd Township
Clinton,Lamar Township,2nd Township
Clinton,Leidy Township,2nd Township
Clinton,Lock Haven City,City
Clinton,Logan Township,2nd Township
Clinton,Loganton Borough,Borough
Clinton,Mill Hall Borough,Borough
Clinton,Noyes Township,2nd Township
Clinton,Pine Creek Township,2nd Township
Clinton,Porter Township,2nd Township
Clinton,Renovo Borough,Borough
Clinton,South Renovo Borough,Borough
Clinton,Wayne Township,2nd Township
Clinton,West Keating Township,2nd Township
Clinton,Woodward Township,2nd Township
Columbia,Beaver Township,2nd Township
Columbia,Benton Borough,Borough
Columbia,Benton Township,2nd Township
Columbia,Berwick Borough,Borough
Columbia,Bloomsburg Town,Town
Columbia,Briar Creek Borough,Borough
Columbia,Briar Creek Township,2nd Township
Columbia,Catawissa Borough,Borough
Columbia,Catawissa Township,2nd Township
Columbia,Centralia Borough,Borough
Columbia,Cleveland Township,2nd Township
Columbia,Conyngham Township,2nd Township
Columbia,Fishing Creek Township,2nd Township
Columbia,Franklin Township,2nd Township
Columbia,Greenwood Township,2nd Township
Columbia,Hemlock Township,2nd Township
Columbia,Jackson Township,2nd Township
Columbia,Locust Township,2nd Township
Columbia,Madison Township,2nd Township
Columbia,Main Township,2nd Township
Columbia,Mifflin Township,2nd Township
Columbia,Millville Borough,Borough
Columbia,Montour Township,2nd Township
Columbia,Mt Pleasant Township,2nd Township
Columbia,North Centre Township,2nd Township
Columbia,Orange Township,2nd Township
Columbia,Orangeville Borough,Borough
Columbia,Pine Township,2nd Township
Columbia,Roaring Creek Township,2nd Township
Columbia,Scott Township,2nd Township
Columbia,South Centre Township,2nd Township
Columbia,Stillwater Borough,Borough
Columbia,Sugarloaf Township,2nd Township
Crawford,Athens Township,2nd Township
Crawford,Beaver Township,2nd Township
Crawford,Bloomfield Township,2nd Township
Crawford,Blooming Valley Borough,Borough
Crawford,Cambridge Springs Borough,Borough
Crawford,Cambridge Township,2nd Township
Crawford,Centerville Borough,Borough
Crawford,Cochranton Borough,Borough
Crawford,Conneaut Lake Borough,Borough
Crawford,Conneaut Township,2nd Township
Crawford,Conneautville Borough,Borough
Crawford,Cussewago Township,2nd Township
Crawford,East Fairfield Township,2nd Township
Crawford,East Fallowfield Township,2nd Township
Crawford,East Mead Township,2nd Township
Crawford,Fairfield Township,2nd Township
Crawford,Greenwood Township,2nd Township
Crawford,Hayfield Township,2nd Township
Crawford,Hydetown Borough,Borough
Crawford,Linesville Borough,Borough
Crawford,Meadville City,City
Crawford,North Shenango Township,2nd Township
Crawford,Oil Creek Township,2nd Township
Crawford,Pine Township,2nd Township
Crawford,Randolph Township,2nd Township
Crawford,Richmond Township,2nd Township
Crawford,Rockdale Township,2nd Township
Crawford,Rome Township,2nd Township
Crawford,Sadsbury Township,2nd Township
Crawford,Saegertown Borough,Borough
Crawford,South Shenango Township,2nd Township
Crawford,Sparta Township,2nd Township
Crawford,Spartansburg Borough,Borough
Crawford,Spring Township,2nd Township
Crawford,Springboro Borough,Borough
Crawford,Steuben Township,2nd Township
Crawford,Summerhill Township,2nd Township
Crawford,Summit Township,2nd Township
Crawford,Titusville City,City
Crawford,Townville Borough,Borough
Crawford,Troy Township,2nd Township
Crawford,Union Township,2nd Township
Crawford,Venango Borough,Borough
Crawford,Venango Township,2nd Township
Crawford,Vernon Township,2nd Township
Crawford,Wayne Township,2nd Township
Crawford,West Fallowfield Township,2nd Township
Crawford,West Mead Township,2nd Township
Crawford,West Shenango Township,2nd Township
Crawford,Woodcock Borough,Borough
Crawford,Woodcock Township,2nd Township
Cumberland,Camp Hill Borough,Borough
Cumberland,Carlisle Borough,Borough
Cumberland,Cooke Township,2nd Township
Cumberland,Dickinson Township,2nd Township
Cumberland,East Pennsboro Township,1st Township
Cumberland,Hampden Township,1st Township
Cumberland,Hopewell Township,2nd Township
Cumberland,Lemoyne Borough,Borough
Cumberland,Lower Allen Township,1st Township
Cumberland,Lower Frankford Township,2nd Township
Cumberland,Lower Mifflin Township,2nd Township
Cumberland,Mechanicsburg Borough,Borough
Cumberland,Middlesex Township,2nd Township
Cumberland,Monroe Township,2nd Township
Cumberland,Mt Holly Springs Borough,Borough
Cumberland,New Cumberland Borough,Borough
Cumberland,Newburg Borough,Borough
Cumberland,Newville Borough,Borough
Cumberland,North Middleton Township,2nd Township
Cumberland,North Newton Township,2nd Township
Cumberland,Penn Township,2nd Township
Cumberland,Shippensburg Borough,Borough
Cumberland,Shippensburg Township,2nd Township
Cumberland,Shiremanstown Borough,Borough
Cumberland,Silver Spring Township,2nd Township
Cumberland,South Middleton Township,2nd Township
Cumberland,South Newton Township,2nd Township
Cumberland,Southampton Township,2nd Township
Cumberland,Upper Allen Township,1st Township
Cumberland,Upper Frankford Township,2nd Township
Cumberland,Upper Mifflin Township,2nd Township
Cumberland,West Pennsboro Township,2nd Township
Cumberland,Wormleysburg Borough,Borough
Dauphin,Berrysburg Borough,Borough
Dauphin,Conewago Township,2nd Township
Dauphin,Dauphin Borough,Borough
Dauphin,Derry Township,2nd Township
Dauphin,East Hanover Township,2nd Township
Dauphin,Elizabethville Borough,Borough
Dauphin,Gratz Borough,Borough
Dauphin,Halifax Borough,Borough
Dauphin,Halifax Township,2nd Township
Dauphin,Harrisburg City,City
Dauphin,Highspire Borough,Borough
Dauphin,Hummelstown Borough,Borough
Dauphin,Jackson Township,2nd Township
Dauphin,Jefferson Township,2nd Township
Dauphin,Londonderry Township,2nd Township
Dauphin,Lower Paxton Township,2nd Township
Dauphin,Lower Swatara Township,1st Township
Dauphin,Lykens Borough,Borough
Dauphin,Lykens Township,2nd Township
Dauphin,Middle Paxton Township,2nd Township
Dauphin,Middletown Borough,Borough
Dauphin,Mifflin Township,2nd Township
Dauphin,Millersburg Borough,Borough
Dauphin,Paxtang Borough,Borough
Dauphin,Penbrook Borough,Borough
Dauphin,Pillow Borough,Borough
Dauphin,Reed Township,2nd Township
Dauphin,Royalton Borough,Borough
Dauphin,Rush Township,2nd Township
Dauphin,South Hanover Township,2nd Township
Dauphin,Steelton Borough,Borough
Dauphin,Susquehanna Township,1st Township
Dauphin,Swatara Township,1st Township
Dauphin,Upper Paxton Township,2nd Township
Dauphin,Washington Township,2nd Township
Dauphin,Wayne Township,2nd Township
Dauphin,West Hanover Township,2nd Township
Dauphin,Wiconisco Township,2nd Township
Dauphin,Williams Township,2nd Township
Dauphin,Williamstown Borough,Borough
Delaware,Aldan Borough,Borough
Delaware,Aston Township,1st Township
Delaware,Bethel Township,2nd Township
Delaware,Brookhaven Borough,Borough
Delaware,Chadds Ford Township,2nd Township
Delaware,Chester City,City
Delaware,Chester Heights Borough,Borough
Delaware,Chester Township,2nd Township
Delaware,Clifton Heights Borough,Borough
Delaware,Collingdale Borough,Borough
Delaware,Colwyn Borough,Borough
Delaware,Concord Township,2nd Township
Delaware,Darby Borough,Borough
Delaware,Darby Township,1st Township
Delaware,East Lansdowne Borough,Borough
Delaware,Eddystone Borough,Borough
Delaware,Edgmont Township,2nd Township
Delaware,Folcroft Borough,Borough
Delaware,Glenolden Borough,Borough
Delaware,Haverford Township,1st Township
Delaware,Lansdowne Borough,Borough
Delaware,Lower Chichester Township,1st Township
Delaware,Marcus Hook Borough,Borough
Delaware,Marple Township,1st Township
Delaware,Media Borough,Borough
Delaware,Middletown Township,2nd Township
Delaware,Millbourne Borough,Borough
Delaware,Morton Borough,Borough
Delaware,Nether Providence Township,1st Township
Delaware,Newtown Township,2nd Township
Delaware,Norwood Borough,Borough
Delaware,Parkside Borough,Borough
Delaware,Prospect Park Borough,Borough
Delaware,Radnor Township,1st Township
Delaware,Ridley Park Borough,Borough
Delaware,Ridley Township,1st Township
Delaware,Rose Valley Borough,Borough
Delaware,Rutledge Borough,Borough
Delaware,Sharon Hill Borough,Borough
Delaware,Springfield Township,1st Township
Delaware,Swarthmore Borough,Borough
Delaware,Thornbury Township,2nd Township
Delaware,Tinicum Township,1st Township
Delaware,Trainer Borough,Borough
Delaware,Upland Borough,Borough
Delaware,Upper Chichester Township,1st Township
Delaware,Upper Darby Township,1st Township
Delaware,Upper Providence Township,2nd Township
Delaware,Yeadon Borough,Borough
Elk,Benezette Township,2nd Township
Elk,Fox Township,2nd Township
Elk,Highland Township,2nd Township
Elk,Horton Township,2nd Township
Elk,Jay Township,2nd Township
Elk,Johnsonburg Borough,Borough
Elk,Jones Township,2nd Township
Elk,Millstone Township,2nd Township
Elk,Ridgway Borough,Borough
Elk,Ridgway Township,2nd Township
Elk,Spring Creek Township,2nd Township
Elk,St. Marys City,City
Erie,Albion Borough,Borough
Erie,Amity Township,2nd Township
Erie,Concord Township,2nd Township
Erie,Conneaut Township,2nd Township
Erie,Corry City,City
Erie,Cranesville Borough,Borough
Erie,Edinboro Borough,Borough
Erie,Elgin Borough,Borough
Erie,Elk Creek Township,2nd Township
Erie,Erie City,City
Erie,Fairview Township,2nd Township
Erie,Franklin Township,2nd Township
Erie,Girard Borough,Borough
Erie,Girard Township,2nd Township
Erie,Greene Township,2nd Township
Erie,Greenfield Township,2nd Township
Erie,Harborcreek Township,2nd Township
Erie,Lake City Borough,Borough
Erie,Lawrence Park Township,1st Township
Erie,Le Boeuf Township,2nd Township
Erie,Mckean Borough,Borough
Erie,Mckean Township,2nd Township
Erie,Mill Village Borough,Borough
Erie,Millcreek Township,2nd Township
Erie,North East Borough,Borough
Erie,North East Township,2nd Township
Erie,Platea Borough,Borough
Erie,Springfield Township,2nd Township
Erie,Summit Township,2nd Township
Erie,Union City Borough,Borough
Erie,Union Township,2nd Township
Erie,Venango Township,2nd Township
Erie,Washington Township,2nd Township
Erie,Waterford Borough,Borough
Erie,Waterford Township,2nd Township
Erie,Wattsburg Borough,Borough
Erie,Wayne Township,2nd Township
Erie,Wesleyville Borough,Borough
Fayette,Belle Vernon Borough,Borough
Fayette,Brownsville Borough,Borough
Fayette,Brownsville Township,2nd Township
Fayette,Bullskin Township,2nd Township
Fayette,Connellsville City,City
Fayette,Connellsville Township,2nd Township
Fayette,Dawson Borough,Borough
Fayette,Dunbar Borough,Borough
Fayette,Dunbar Township,2nd Township
Fayette,Everson Borough,Borough
Fayette,Fairchance Borough,Borough
Fayette,Fayette City Borough,Borough
Fayette,Franklin Township,2nd Township
Fayette,Georges Township,2nd Township
Fayette,German Township,2nd Township
Fayette,Henry Clay Township,2nd Township
Fayette,Jefferson Township,2nd Township
Fayette,Lower Tyrone Township,2nd Township
Fayette,Luzerne Township,2nd Township
Fayette,Markleysburg Borough,Borough
Fayette,Masontown Borough,Borough
Fayette,Menallen Township,2nd Township
Fayette,Newell Borough,Borough
Fayette,Nicholson Township,2nd Township
Fayette,North Union Township,2nd Township
Fayette,Ohiopyle Borough,Borough
Fayette,Perry Township,2nd Township
Fayette,Perryopolis Borough,Borough
Fayette,Point Marion Borough,Borough
Fayette,Redstone Township,2nd Township
Fayette,Saltlick Township,2nd Township
Fayette,Smithfield Borough,Borough
Fayette,South Connellsville Borough,Borough
Fayette,South Union Township,2nd Township
Fayette,Springfield Township,2nd Township
Fayette,Springhill Township,2nd Township
Fayette,Stewart Township,2nd Township
Fayette,Uniontown City,City
Fayette,Upper Tyrone Township,2nd Township
Fayette,Vanderbilt Borough,Borough
Fayette,Washington Township,2nd Township
Fayette,Wharton Township,2nd Township
Forest,Barnett Township,2nd Township
Forest,Green Township,2nd Township
Forest,Harmony Township,2nd Township
Forest,Hickory Township,2nd Township
Forest,Howe Township,2nd Township
Forest,Jenks Township,2nd Township
Forest,Kingsley Township,2nd Township
Forest,Tionesta Borough,Borough
Forest,Tionesta Township,2nd Township
Franklin,Antrim Township,2nd Township
Franklin,Chambersburg Borough,Borough
Franklin,Fannett Township,2nd Township
Franklin,Greencastle Borough,Borough
Franklin,Greene Township,2nd Township
Franklin,Guilford Township,2nd Township
Franklin,Hamilton Township,2nd Township
Franklin,Letterkenny Township,2nd Township
Franklin,Lurgan Township,2nd Township
Franklin,Mercersburg Borough,Borough
Franklin,Metal  Township,2nd Township
Franklin,Mont Alto Borough,Borough
Franklin,Montgomery Township,2nd Township
Franklin,Orrstown Borough,Borough
Franklin,Peters Township,2nd Township
Franklin,Quincy Township,2nd Township
Franklin,Southampton Township,2nd Township
Franklin,St Thomas Township,2nd Township
Franklin,Warren Township,2nd Township
Franklin,Washington Township,2nd Township
Franklin,Waynesboro Borough,Borough
Fulton,Ayr Township,2nd Township
Fulton,Belfast Township,2nd Township
Fulton,Bethel Township,2nd Township
Fulton,Brush Creek Township,2nd Township
Fulton,Dublin Township,2nd Township
Fulton,Licking Creek Township,2nd Township
Fulton,Mcconnellsburg Borough,Borough
Fulton,Taylor Township,2nd Township
Fulton,Thompson Township,2nd Township
Fulton,Todd Township,2nd Township
Fulton,Union Township,2nd Township
Fulton,Valley-Hi Borough,Borough
Fulton,Wells Township,2nd Township
Greene,Aleppo Township,2nd Township
Greene,Carmichaels Borough,Borough
Greene,Center Township,2nd Township
Greene,Clarksville Borough,Borough
Greene,Cumberland Township,2nd Township
Greene,Dunkard Township,2nd Township
Greene,Franklin Township,2nd Township
Greene,Freeport Township,2nd Township
Greene,Gilmore Township,2nd Township
Greene,Gray Township,2nd Township
Greene,Greene Township,2nd Township
Greene,Greensboro Borough,Borough
Greene,Jackson Township,2nd Township
Greene,Jefferson Borough,Borough
Greene,Jefferson Township,2nd Township
Greene,Monongahela Township,2nd Township
Greene,Morgan Township,2nd Township
Greene,Morris Township,2nd Township
Greene,Perry Township,2nd Township
Greene,Rices Landing Borough,Borough
Greene,Richhill Township,2nd Township
Greene,Springhill Township,2nd Township
Greene,Washington Township,2nd Township
Greene,Wayne Township,2nd Township
Greene,Waynesburg Borough,Borough
Greene,Whiteley Township,2nd Township
Huntingdon,Alexandria Borough,Borough
Huntingdon,Barree Township,2nd Township
Huntingdon,Birmingham Borough,Borough
Huntingdon,Brady Township,2nd Township
Huntingdon,Broad Top City Borough,Borough
Huntingdon,Carbon Township,2nd Township
Huntingdon,Cass Township,2nd Township
Huntingdon,Cassville Borough,Borough
Huntingdon,Clay Township,2nd Township
Huntingdon,Coalmont Borough,Borough
Huntingdon,Cromwell Township,2nd Township
Huntingdon,Dublin Township,2nd Township
Huntingdon,Dudley Borough,Borough
Huntingdon,Franklin Township,2nd Township
Huntingdon,Henderson Township,2nd Township
Huntingdon,Hopewell Township,2nd Township
Huntingdon,Huntingdon Borough,Borough
Huntingdon,Jackson Township,2nd Township
Huntingdon,Juniata Township,2nd Township
Huntingdon,Lincoln Township,2nd Township
Huntingdon,Logan Township,2nd Township
Huntingdon,Mapleton Borough,Borough
Huntingdon,Marklesburg Borough,Borough
Huntingdon,Mill Creek Borough,Borough
Huntingdon,Miller Township,2nd Township
Huntingdon,Morris Township,2nd Township
Huntingdon,Mount Union Borough,Borough
Huntingdon,Oneida Township,2nd Township
Huntingdon,Orbisonia Borough,Borough
Huntingdon,Penn Township,2nd Township
Huntingdon,Petersburg Borough,Borough
Huntingdon,Porter Township,2nd Township
Huntingdon,Rockhill Borough,Borough
Huntingdon,Saltillo Borough,Borough
Huntingdon,Shade Gap Borough,Borough
Huntingdon,Shirley Township,2nd Township
Huntingdon,Shirleysburg Borough,Borough
Huntingdon,Smithfield Township,2nd Township
Huntingdon,Springfield Township,2nd Township
Huntingdon,Spruce Creek Township,2nd Township
Huntingdon,Tell Township,2nd Township
Huntingdon,Three Springs Borough,Borough
Huntingdon,Todd Township,2nd Township
Huntingdon,Union Township,2nd Township
Huntingdon,Walker Township,2nd Township
Huntingdon,Warriors Mark Township,2nd Township
Huntingdon,West Township,2nd Township
Huntingdon,Wood Township,2nd Township
Indiana,Armagh Borough,Borough
Indiana,Armstrong Township,2nd Township
Indiana,Banks Township,2nd Township
Indiana,Black Lick Township,2nd Township
Indiana,Blairsville Borough,Borough
Indiana,Brush Valley Township,2nd Township
Indiana,Buffington Township,2nd Township
Indiana,Burrell Township,2nd Township
Indiana,Canoe Township,2nd Township
Indiana,Center Township,2nd Township
Indiana,Cherry Tree Borough,Borough
Indiana,Cherryhill Township,2nd Township
Indiana,Clymer Borough,Borough
Indiana,Conemaugh Township,2nd Township
Indiana,Creekside Borough,Borough
Indiana,East Mahoning Township,2nd Township
Indiana,East Wheatfield Township,2nd Township
Indiana,Ernest Borough,Borough
Indiana,Glen Campbell Borough,Borough
Indiana,Grant Township,2nd Township
Indiana,Green Township,2nd Township
Indiana,Homer City Borough,Borough
Indiana,Indiana Borough,Borough
Indiana,Marion Center Borough,Borough
Indiana,Montgomery Township,2nd Township
Indiana,North Mahoning Township,2nd Township
Indiana,Pine Township,2nd Township
Indiana,Plumville Borough,Borough
Indiana,Rayne Township,2nd Township
Indiana,Saltsburg Borough,Borough
Indiana,Shelocta Borough,Borough
Indiana,Smicksburg Borough,Borough
Indiana,South Mahoning Township,2nd Township
Indiana,Washington Township,2nd Township
Indiana,West Mahoning Township,2nd Township
Indiana,West Wheatfield Township,2nd Township
Indiana,White Township,2nd Township
Indiana,Young Township,2nd Township
Jefferson,Barnett Township,2nd Township
Jefferson,Beaver Township,2nd Township
Jefferson,Bell Township,2nd Township
Jefferson,Big Run Borough,Borough
Jefferson,Brockway Borough,Borough
Jefferson,Brookville Borough,Borough
Jefferson,Clover Township,2nd Township
Jefferson,Corsica Borough,Borough
Jefferson,Eldred Township,2nd Township
Jefferson,Falls Creek Borough,Borough
Jefferson,Gaskill Township,2nd Township
Jefferson,Heath Township,2nd Township
Jefferson,Henderson Township,2nd Township
Jefferson,Knox Township,2nd Township
Jefferson,Mccalmont Township,2nd Township
Jefferson,Oliver Township,2nd Township
Jefferson,Perry Township,2nd Township
Jefferson,Pine Creek Township,2nd Township
Jefferson,Polk Township,2nd Township
Jefferson,Porter Township,2nd Township
Jefferson,Punxsutawney Borough,Borough
Jefferson,Reynoldsville Borough,Borough
Jefferson,Ringgold Township,2nd Township
Jefferson,Rose Township,2nd Township
Jefferson,Snyder Township,2nd Township
Jefferson,Summerville Borough,Borough
Jefferson,Sykesville Borough,Borough
Jefferson,Timblin Borough,Borough
Jefferson,Union Township,2nd Township
Jefferson,Warsaw Township,2nd Township
Jefferson,Washington Township,2nd Township
Jefferson,Winslow Township,2nd Township
Jefferson,Worthville Borough,Borough
Jefferson,Young Township,2nd Township
Juniata,Beale Township,2nd Township
Juniata,Delaware Township,2nd Township
Juniata,Fayette Township,2nd Township
Juniata,Fermanagh Township,2nd Township
Juniata,Greenwood Township,2nd Township
Juniata,Lack Township,2nd Township
Juniata,Mifflin Borough,Borough
Juniata,Mifflintown Borough,Borough
Juniata,Milford Township,2nd Township
Juniata,Monroe Township,2nd Township
Juniata,Port Royal Borough,Borough
Juniata,Spruce Hill Township,2nd Township
Juniata,Susquehanna Township,2nd Township
Juniata,Thompsontown Borough,Borough
Juniata,Turbett Township,2nd Township
Juniata,Tuscarora Township,2nd Township
Juniata,Walker Township,2nd Township
Lackawanna,Waverly Township (Abington Township),2nd Township
Lackawanna,Archbald Borough,Borough
Lackawanna,Benton Township,2nd Township
Lackawanna,Blakely Borough,Borough
Lackawanna,Carbondale City,City
Lackawanna,Carbondale Township,2nd Township
Lackawanna,Clarks Green Borough,Borough
Lackawanna,Clarks Summit Borough,Borough
Lackawanna,Clifton Township,2nd Township
Lackawanna,Covington Township,2nd Township
Lackawanna,Dalton Borough,Borough
Lackawanna,Dickson City Borough,Borough
Lackawanna,Dunmore Borough,Borough
Lackawanna,Elmhurst Township,2nd Township
Lackawanna,Fell Township,2nd Township
Lackawanna,Glenburn Township,2nd Township
Lackawanna,Greenfield Township,2nd Township
Lackawanna,Jefferson Township,2nd Township
Lackawanna,Jermyn Borough,Borough
Lackawanna,Jessup Borough,Borough
Lackawanna,Laplume Township,2nd Township
Lackawanna,Madison Township,2nd Township
Lackawanna,Mayfield Borough,Borough
Lackawanna,Moosic Borough,Borough
Lackawanna,Moscow Borough,Borough
Lackawanna,Newton Township,2nd Township
Lackawanna,North Abington Township,2nd Township
Lackawanna,Old Forge Borough,Borough
Lackawanna,Olyphant Borough,Borough
Lackawanna,Ransom Township,2nd Township
Lackawanna,Roaring Brook Township,2nd Township
Lackawanna,Scott Township,2nd Township
Lackawanna,Scranton City,City
Lackawanna,South Abington Township,2nd Township
Lackawanna,Spring Brook Township,2nd Township
Lackawanna,Taylor Borough,Borough
Lackawanna,Thornhurst Township,2nd Township
Lackawanna,Throop Borough,Borough
Lackawanna,Vandling Borough,Borough
Lackawanna,West Abington Township,2nd Township
Lancaster,Adamstown Borough,Borough
Lancaster,Akron Borough,Borough
Lancaster,Bart Township,2nd Township
Lancaster,Brecknock Township,2nd Township
Lancaster,Caernarvon Township,2nd Township
Lancaster,Christiana Borough,Borough
Lancaster,Clay Township,2nd Township
Lancaster,Colerain Township,2nd Township
Lancaster,Columbia Borough,Borough
Lancaster,Conestoga Township,2nd Township
Lancaster,Conoy Township,2nd Township
Lancaster,Denver Borough,Borough
Lancaster,Drumore Township,2nd Township
Lancaster,Earl Township,2nd Township
Lancaster,East Cocalico Township,2nd Township
Lancaster,East Donegal Township,2nd Township
Lancaster,East Drumore Township,2nd Township
Lancaster,East Earl Township,2nd Township
Lancaster,East Hempfield Township,2nd Township
Lancaster,East Lampeter Township,2nd Township
Lancaster,East Petersburg Borough,Borough
Lancaster,Eden Township,2nd Township
Lancaster,Elizabeth Township,2nd Township
Lancaster,Elizabethtown Borough,Borough
Lancaster,Ephrata Borough,Borough
Lancaster,Ephrata Township,2nd Township
Lancaster,Fulton Township,2nd Township
Lancaster,Lancaster City,City
Lancaster,Lancaster Township,2nd Township
Lancaster,Leacock Township,2nd Township
Lancaster,Lititz Borough,Borough
Lancaster,Little Britain Township,2nd Township
Lancaster,Manheim Borough,Borough
Lancaster,Manheim Township,1st Township
Lancaster,Manor Township,2nd Township
Lancaster,Marietta Borough,Borough
Lancaster,Martic Township,2nd Township
Lancaster,Millersville Borough,Borough
Lancaster,Mount Joy Borough,Borough
Lancaster,Mountville Borough,Borough
Lancaster,Mt Joy Township,2nd Township
Lancaster,New Holland Borough,Borough
Lancaster,Paradise Township,2nd Township
Lancaster,Penn Township,2nd Township
Lancaster,Pequea Township,2nd Township
Lancaster,Providence Township,2nd Township
Lancaster,Quarryville Borough,Borough
Lancaster,Rapho Township,2nd Township
Lancaster,Sadsbury Township,2nd Township
Lancaster,Salisbury Township,2nd Township
Lancaster,Strasburg Borough,Borough
Lancaster,Strasburg Township,2nd Township
Lancaster,Terre Hill Borough,Borough
Lancaster,Upper Leacock Township,2nd Township
Lancaster,Warwick Township,2nd Township
Lancaster,West Cocalico Township,2nd Township
Lancaster,West Donegal Township,2nd Township
Lancaster,West Earl Township,2nd Township
Lancaster,West Hempfield Township,2nd Township
Lancaster,West Lampeter Township,2nd Township
Lawrence,Bessemer Borough,Borough
Lawrence,Ellport Borough,Borough
Lawrence,Ellwood City Borough,Borough
Lawrence,Enon Valley Borough,Borough
Lawrence,Hickory Township,2nd Township
Lawrence,Little Beaver Township,2nd Township
Lawrence,Mahoning Township,2nd Township
Lawrence,Neshannock Township,2nd Township
Lawrence,New Beaver Borough,Borough
Lawrence,New Castle City,City
Lawrence,New Wilmington Borough,Borough
Lawrence,North Beaver Township,2nd Township
Lawrence,Perry Township,2nd Township
Lawrence,Plain Grove Township,2nd Township
Lawrence,Pulaski Township,2nd Township
Lawrence,S.N.P.J. Borough,Borough
Lawrence,Scott Township,2nd Township
Lawrence,Shenango Township,2nd Township
Lawrence,Slippery Rock Township,2nd Township
Lawrence,South New Castle Borough,Borough
Lawrence,Taylor Township,2nd Township
Lawrence,Union Township,2nd Township
Lawrence,Volant Borough,Borough
Lawrence,Wampum Borough,Borough
Lawrence,Washington Township,2nd Township
Lawrence,Wayne Township,2nd Township
Lawrence,Wilmington Township,2nd Township
Lebanon,Annville Township,1st Township
Lebanon,Bethel Township,2nd Township
Lebanon,Cleona Borough,Borough
Lebanon,Cold Spring Township,2nd Township
Lebanon,Cornwall Borough,Borough
Lebanon,East Hanover Township,2nd Township
Lebanon,Heidelberg Township,2nd Township
Lebanon,Jackson Township,2nd Township
Lebanon,Jonestown Borough,Borough
Lebanon,Lebanon City,City
Lebanon,Millcreek Township,2nd Township
Lebanon,Mt Gretna Borough,Borough
Lebanon,Myerstown Borough,Borough
Lebanon,North Annville Township,2nd Township
Lebanon,North Cornwall Township,2nd Township
Lebanon,North Lebanon Township,2nd Township
Lebanon,North Londonderry Township,2nd Township
Lebanon,Palmyra Borough,Borough
Lebanon,Richland Borough,Borough
Lebanon,South Annville Township,2nd Township
Lebanon,South Lebanon Township,2nd Township
Lebanon,South Londonderry Township,2nd Township
Lebanon,Swatara Township,2nd Township
Lebanon,Union Township,2nd Township
Lebanon,West Cornwall Township,2nd Township
Lebanon,West Lebanon Township,1st Township
Lehigh,Alburtis Borough,Borough
Lehigh,Allentown City,City
Lehigh,Catasauqua Borough,Borough
Lehigh,Coopersburg Borough,Borough
Lehigh,Coplay Borough,Borough
Lehigh,Emmaus Borough,Borough
Lehigh,Fountain Hill Borough,Borough
Lehigh,Hanover Township,2nd Township
Lehigh,Heidelberg Township,2nd Township
Lehigh,Lower Macungie Township,1st Township
Lehigh,Lower Milford Township,2nd Township
Lehigh,Lowhill Township,2nd Township
Lehigh,Lynn Township,2nd Township
Lehigh,Macungie Borough,Borough
Lehigh,North Whitehall Township,2nd Township
Lehigh,Salisbury Township,1st Township
Lehigh,Slatington Borough,Borough
Lehigh,South Whitehall Township,1st Township
Lehigh,Upper Macungie Township,2nd Township
Lehigh,Upper Milford Township,2nd Township
Lehigh,Upper Saucon Township,2nd Township
Lehigh,Washington Township,2nd Township
Lehigh,Weisenberg Township,2nd Township
Lehigh,Whitehall Township,1st Township
Luzerne,Ashley Borough,Borough
Luzerne,Avoca Borough,Borough
Luzerne,Bear Creek Township,2nd Township
Luzerne,Bear Creek Village Borough,Borough
Luzerne,Black Creek Township,2nd Township
Luzerne,Buck Township,2nd Township
Luzerne,Butler Township,2nd Township
Luzerne,Conyngham Borough,Borough
Luzerne,Conyngham Township,2nd Township
Luzerne,Courtdale Borough,Borough
Luzerne,Dallas Borough,Borough
Luzerne,Dallas Township,2nd Township
Luzerne,Dennison Township,2nd Township
Luzerne,Dorrance Township,2nd Township
Luzerne,Dupont Borough,Borough
Luzerne,Duryea Borough,Borough
Luzerne,Edwardsville Borough,Borough
Luzerne,Exeter Borough,Borough
Luzerne,Exeter Township,2nd Township
Luzerne,Fairmount Township,2nd Township
Luzerne,Fairview Township,2nd Township
Luzerne,Forty Fort Borough,Borough
Luzerne,Foster Township,2nd Township
Luzerne,Franklin Township,2nd Township
Luzerne,Freeland Borough,Borough
Luzerne,Hanover Township,1st Township
Luzerne,Harveys Lake Borough,Borough
Luzerne,Hazle Township,2nd Township
Luzerne,Hazleton City,City
Luzerne,Hollenback Township,2nd Township
Luzerne,Hughestown Borough,Borough
Luzerne,Hunlock Township,2nd Township
Luzerne,Huntington Township,2nd Township
Luzerne,Jackson Township,2nd Township
Luzerne,Jeddo Borough,Borough
Luzerne,Jenkins Township,2nd Township
Luzerne,Kingston Borough,Borough
Luzerne,Kingston Township,2nd Township
Luzerne,Laflin Borough,Borough
Luzerne,Lake Township,2nd Township
Luzerne,Larksville Borough,Borough
Luzerne,Laurel Run Borough,Borough
Luzerne,Lehman Township,2nd Township
Luzerne,Luzerne Borough,Borough
Luzerne,Nanticoke City,City
Luzerne,Nescopeck Borough,Borough
Luzerne,Nescopeck Township,2nd Township
Luzerne,New Columbus Borough,Borough
Luzerne,Newport Township,1st Township
Luzerne,Nuangola Borough,Borough
Luzerne,Penn Lake Park Borough,Borough
Luzerne,Pittston City,City
Luzerne,Pittston Township,2nd Township
Luzerne,Plains Township,1st Township
Luzerne,Plymouth Borough,Borough
Luzerne,Plymouth Township,2nd Township
Luzerne,Pringle Borough,Borough
Luzerne,Rice Township,2nd Township
Luzerne,Ross Township,2nd Township
Luzerne,Salem Township,2nd Township
Luzerne,Shickshinny Borough,Borough
Luzerne,Slocum Township,2nd Township
Luzerne,Sugar Notch Borough,Borough
Luzerne,Sugarloaf Township,2nd Township
Luzerne,Swoyersville Borough,Borough
Luzerne,Union Township,2nd Township
Luzerne,Warrior Run Borough,Borough
Luzerne,West Hazleton Borough,Borough
Luzerne,West Pittston Borough,Borough
Luzerne,West Wyoming Borough,Borough
Luzerne,White Haven Borough,Borough
Luzerne,Wilkes Barre City,City
Luzerne,Wilkes Barre Township,1st Township
Luzerne,Wright Township,2nd Township
Luzerne,Wyoming Borough,Borough
Luzerne,Yatesville Borough,Borough
Lycoming,Anthony Township,2nd Township
Lycoming,Armstrong Township,2nd Township
Lycoming,Bastress Township,2nd Township
Lycoming,Brady Township,2nd Township
Lycoming,Brown Township,2nd Township
Lycoming,Cascade Township,2nd Township
Lycoming,Clinton Township,2nd Township
Lycoming,Cogan House Township,2nd Township
Lycoming,Cummings Township,2nd Township
Lycoming,Duboistown Borough,Borough
Lycoming,Eldred Township,2nd Township
Lycoming,Fairfield Township,2nd Township
Lycoming,Franklin Township,2nd Township
Lycoming,Gamble Township,2nd Township
Lycoming,Hepburn Township,2nd Township
Lycoming,Hughesville Borough,Borough
Lycoming,Jackson Township,2nd Township
Lycoming,Jersey Shore Borough,Borough
Lycoming,Jordan Township,2nd Township
Lycoming,Lewis Township,2nd Township
Lycoming,Limestone Township,2nd Township
Lycoming,Loyalsock Township,2nd Township
Lycoming,Lycoming Township,2nd Township
Lycoming,Mchenry Township,2nd Township
Lycoming,Mcintyre Township,2nd Township
Lycoming,Mcnett Township,2nd Township
Lycoming,Mifflin Township,2nd Township
Lycoming,Mill Creek Township,2nd Township
Lycoming,Montgomery Borough,Borough
Lycoming,Montoursville Borough,Borough
Lycoming,Moreland Township,2nd Township
Lycoming,Muncy Borough,Borough
Lycoming,Muncy Creek Township,2nd Township
Lycoming,Muncy Township,2nd Township
Lycoming,Nippenose Township,2nd Township
Lycoming,Old Lycoming Township,2nd Township
Lycoming,Penn Township,2nd Township
Lycoming,Piatt Township,2nd Township
Lycoming,Picture Rocks Borough,Borough
Lycoming,Pine Township,2nd Township
Lycoming,Plunketts Creek Township,2nd Township
Lycoming,Porter Township,2nd Township
Lycoming,Salladasburg Borough,Borough
Lycoming,Shrewsbury Township,2nd Township
Lycoming,South Williamsport Borough,Borough
Lycoming,Susquehanna Township,2nd Township
Lycoming,Upper Fairfield Township,2nd Township
Lycoming,Washington Township,2nd Township
Lycoming,Watson Township,2nd Township
Lycoming,Williamsport City,City
Lycoming,Wolf Township,2nd Township
Lycoming,Woodward Township,2nd Township
Mckean,Annin Township,2nd Township
Mckean,Bradford City,City
Mckean,Bradford Township,2nd Township
Mckean,Ceres Township,2nd Township
Mckean,Corydon Township,2nd Township
Mckean,Eldred Borough,Borough
Mckean,Eldred Township,2nd Township
Mckean,Foster Township,2nd Township
Mckean,Hamilton Township,2nd Township
Mckean,Hamlin Township,2nd Township
Mckean,Kane Borough,Borough
Mckean,Keating Township,2nd Township
Mckean,Lafayette Township,2nd Township
Mckean,Lewis Run Borough,Borough
Mckean,Liberty Township,2nd Township
Mckean,Mt Jewett Borough,Borough
Mckean,Norwich Township,2nd Township
Mckean,Otto Township,2nd Township
Mckean,Port Allegany Borough,Borough
Mckean,Sergeant Township,2nd Township
Mckean,Smethport Borough,Borough
Mckean,Wetmore Township,2nd Township
Mercer,Clark Borough,Borough
Mercer,Coolspring Township,2nd Township
Mercer,Deer Creek Township,2nd Township
Mercer,Delaware Township,2nd Township
Mercer,East Lackawannock Township,2nd Township
Mercer,Fairview Township,2nd Township
Mercer,Farrell City,City
Mercer,Findley Township,2nd Township
Mercer,Fredonia Borough,Borough
Mercer,French Creek Township,2nd Township
Mercer,Greene Township,2nd Township
Mercer,Greenville Borough,Borough
Mercer,Grove City Borough,Borough
Mercer,Hempfield Township,2nd Township
Mercer,Hermitage City,City
Mercer,Jackson Center Borough,Borough
Mercer,Jackson Township,2nd Township
Mercer,Jamestown Borough,Borough
Mercer,Jefferson Township,2nd Township
Mercer,Lackawannock Township,2nd Township
Mercer,Lake Township,2nd Township
Mercer,Liberty Township,2nd Township
Mercer,Mercer Borough,Borough
Mercer,Mill Creek Township,2nd Township
Mercer,New Lebanon Borough,Borough
Mercer,New Vernon Township,2nd Township
Mercer,Otter Creek Township,2nd Township
Mercer,Perry Township,2nd Township
Mercer,Pine Township,2nd Township
Mercer,Pymatuning Township,2nd Township
Mercer,Salem Township,2nd Township
Mercer,Sandy Creek Township,2nd Township
Mercer,Sandy Lake Borough,Borough
Mercer,Sandy Lake Township,2nd Township
Mercer,Sharon City,City
Mercer,Sharpsville Borough,Borough
Mercer,Sheakleyville Borough,Borough
Mercer,Shenango Township,2nd Township
Mercer,South Pymatuning Township,2nd Township
Mercer,Springfield Township,2nd Township
Mercer,Stoneboro Borough,Borough
Mercer,Sugar Grove Township,2nd Township
Mercer,West Middlesex Borough,Borough
Mercer,West Salem Township,2nd Township
Mercer,Wheatland Borough,Borough
Mercer,Wilmington Township,2nd Township
Mercer,Wolf Creek Township,2nd Township
Mercer,Worth Township,2nd Township
Mifflin,Armagh Township,2nd Township
Mifflin,Bratton Township,2nd Township
Mifflin,Brown Township,2nd Township
Mifflin,Burnham Borough,Borough
Mifflin,Decatur Township,2nd Township
Mifflin,Derry Township,2nd Township
Mifflin,Granville Township,2nd Township
Mifflin,Juniata Terrace Borough,Borough
Mifflin,Kistler Borough,Borough
Mifflin,Lewistown Borough,Borough
Mifflin,Mcveytown Borough,Borough
Mifflin,Menno Township,2nd Township
Mifflin,Newton Hamilton Borough,Borough
Mifflin,Oliver Township,2nd Township
Mifflin,Union Township,2nd Township
Mifflin,Wayne Township,2nd Township
Monroe,Barrett Township,2nd Township
Monroe,Chestnuthill Township,2nd Township
Monroe,Coolbaugh Township,2nd Township
Monroe,Delaware Water Gap Borough,Borough
Monroe,East Stroudsburg Borough,Borough
Monroe,Eldred Township,2nd Township
Monroe,Hamilton Township,2nd Township
Monroe,Jackson Township,2nd Township
Monroe,Middle Smithfield Township,2nd Township
Monroe,Mount Pocono Borough,Borough
Monroe,Paradise Township,2nd Township
Monroe,Pocono Township,1st Township
Monroe,Polk Township,2nd Township
Monroe,Price Township,2nd Township
Monroe,Ross Township,2nd Township
Monroe,Smithfield Township,2nd Township
Monroe,Stroud Township,2nd Township
Monroe,Stroudsburg Borough,Borough
Monroe,Tobyhanna Township,2nd Township
Monroe,Tunkhannock Township,2nd Township
Montgomery,Abington Township,1st Township
Montgomery,Ambler Borough,Borough
Montgomery,Bridgeport Borough,Borough
Montgomery,Bryn Athyn Borough,Borough
Montgomery,Cheltenham Township,1st Township
Montgomery,Collegeville Borough,Borough
Montgomery,Conshohocken Borough,Borough
Montgomery,Douglass Township,2nd Township
Montgomery,East Greenville Borough,Borough
Montgomery,East Norriton Township,2nd Township
Montgomery,Franconia Township,2nd Township
Montgomery,Green Lane Borough,Borough
Montgomery,Hatboro Borough,Borough
Montgomery,Hatfield Borough,Borough
Montgomery,Hatfield Township,1st Township
Montgomery,Horsham Township,2nd Township
Montgomery,Jenkintown Borough,Borough
Montgomery,Lansdale Borough,Borough
Montgomery,Limerick Township,2nd Township
Montgomery,Lower Frederick Township,2nd Township
Montgomery,Lower Gwynedd Township,2nd Township
Montgomery,Lower Merion Township,1st Township
Montgomery,Lower Moreland Township,1st Township
Montgomery,Lower Pottsgrove Township,1st Township
Montgomery,Lower Providence Township,2nd Township
Montgomery,Lower Salford Township,2nd Township
Montgomery,Marlborough Township,2nd Township
Montgomery,Montgomery Township,2nd Township
Montgomery,Narberth Borough,Borough
Montgomery,New Hanover Township,2nd Township
Montgomery,Norristown Borough,Borough
Montgomery,North Wales Borough,Borough
Montgomery,Pennsburg Borough,Borough
Montgomery,Perkiomen Township,2nd Township
Montgomery,Plymouth Township,1st Township
Montgomery,Pottstown Borough,Borough
Montgomery,Red Hill Borough,Borough
Montgomery,Rockledge Borough,Borough
Montgomery,Royersford Borough,Borough
Montgomery,Salford Township,2nd Township
Montgomery,Schwenksville Borough,Borough
Montgomery,Skippack Township,2nd Township
Montgomery,Souderton Borough,Borough
Montgomery,Springfield Township,1st Township
Montgomery,Telford Borough,Borough
Montgomery,Towamencin Township,2nd Township
Montgomery,Trappe Borough,Borough
Montgomery,Upper Dublin Township,1st Township
Montgomery,Upper Frederick Township,2nd Township
Montgomery,Upper Gwynedd Township,1st Township
Montgomery,Upper Hanover Township,2nd Township
Montgomery,Upper Merion Township,2nd Township
Montgomery,Upper Moreland Township,1st Township
Montgomery,Upper Pottsgrove Township,1st Township
Montgomery,Upper Providence Township,2nd Township
Montgomery,Upper Salford Township,2nd Township
Montgomery,West Conshohocken Borough,Borough
Montgomery,West Norriton Township,1st Township
Montgomery,West Pottsgrove Township,1st Township
Montgomery,Whitemarsh Township,2nd Township
Montgomery,Whitpain Township,2nd Township
Montgomery,Worcester Township,2nd Township
Montour,Anthony Township,2nd Township
Montour,Cooper Township,2nd Township
Montour,Danville Borough,Borough
Montour,Derry Township,2nd Township
Montour,Liberty Township,2nd Township
Montour,Limestone Township,2nd Township
Montour,Mahoning Township,2nd Township
Montour,Mayberry Township,2nd Township
Montour,Valley Township,2nd Township
Montour,Washingtonville Borough,Borough
Montour,West Hemlock Township,2nd Township
Northampton,Allen Township,2nd Township
Northampton,Bangor Borough,Borough
Northampton,Bath Borough,Borough
Northampton,Bethlehem City,City
Northampton,Bethlehem Township,1st Township
Northampton,Bushkill Township,2nd Township
Northampton,Chapman Borough,Borough
Northampton,East Allen Township,2nd Township
Northampton,East Bangor Borough,Borough
Northampton,Easton City,City
Northampton,Forks Township,2nd Township
Northampton,Freemansburg Borough,Borough
Northampton,Glendon Borough,Borough
Northampton,Hanover Township,2nd Township
Northampton,Hellertown Borough,Borough
Northampton,Lehigh Township,2nd Township
Northampton,Lower Mt Bethel Township,2nd Township
Northampton,Lower Nazareth Township,2nd Township
Northampton,Lower Saucon Township,2nd Township
Northampton,Moore Township,2nd Township
Northampton,Nazareth Borough,Borough
Northampton,North Catasauqua Borough,Borough
Northampton,Northampton Borough,Borough
Northampton,Palmer Township,2nd Township
Northampton,Pen Argyl Borough,Borough
Northampton,Plainfield Township,2nd Township
Northampton,Portland Borough,Borough
Northampton,Roseto Borough,Borough
Northampton,Stockertown Borough,Borough
Northampton,Tatamy Borough,Borough
Northampton,Upper Mt Bethel Township,2nd Township
Northampton,Upper Nazareth Township,2nd Township
Northampton,Walnutport Borough,Borough
Northampton,Washington Township,2nd Township
Northampton,West Easton Borough,Borough
Northampton,Williams Township,2nd Township
Northampton,Wilson Borough,Borough
Northampton,Wind Gap Borough,Borough
Northumberland,Coal Township,1st Township
Northumberland,Delaware Township,2nd Township
Northumberland,East Cameron Township,2nd Township
Northumberland,East Chillisquaque Township,2nd Township
Northumberland,Herndon Borough,Borough
Northumberland,Jackson Township,2nd Township
Northumberland,Jordan Township,2nd Township
Northumberland,Kulpmont Borough,Borough
Northumberland,Lewis Township,2nd Township
Northumberland,Little Mahanoy Township,2nd Township
Northumberland,Lower Augusta Township,2nd Township
Northumberland,Lower Mahanoy Township,2nd Township
Northumberland,Marion Heights Borough,Borough
Northumberland,Mcewensville Borough,Borough
Northumberland,Milton Borough,Borough
Northumberland,Mt Carmel Borough,Borough
Northumberland,Mt Carmel Township,2nd Township
Northumberland,Northumberland Borough,Borough
Northumberland,Point Township,2nd Township
Northumberland,Ralpho Township,2nd Township
Northumberland,Riverside Borough,Borough
Northumberland,Rockefeller Township,2nd Township
Northumberland,Rush Township,2nd Township
Northumberland,Shamokin City,City
Northumberland,Shamokin Township,2nd Township
Northumberland,Snydertown Borough,Borough
Northumberland,Sunbury City,City
Northumberland,Turbot Township,2nd Township
Northumberland,Turbotville Borough,Borough
Northumberland,Upper Augusta Township,2nd Township
Northumberland,Upper Mahanoy Township,2nd Township
Northumberland,Washington Township,2nd Township
Northumberland,Watsontown Borough,Borough
Northumberland,West Cameron Township,2nd Township
Northumberland,West Chillisquaque Township,2nd Township
Northumberland,Zerbe Township,2nd Township
Perry,Blain Borough,Borough
Perry,Bloomfield Borough,Borough
Perry,Buffalo Township,2nd Township
Perry,Carroll Township,2nd Township
Perry,Centre Township,2nd Township
Perry,Duncannon Borough,Borough
Perry,Greenwood Township,2nd Township
Perry,Howe Township,2nd Township
Perry,Jackson Township,2nd Township
Perry,Juniata Township,2nd Township
Perry,Landisburg Borough,Borough
Perry,Liverpool Borough,Borough
Perry,Liverpool Township,2nd Township
Perry,Marysville Borough,Borough
Perry,Miller Township,2nd Township
Perry,Millerstown Borough,Borough
Perry,New Buffalo Borough,Borough
Perry,Newport Borough,Borough
Perry,Northeast Madison Township,2nd Township
Perry,Oliver Township,2nd Township
Perry,Penn Township,2nd Township
Perry,Rye Township,2nd Township
Perry,Saville Township,2nd Township
Perry,Southwest Madison Township,2nd Township
Perry,Spring Township,2nd Township
Perry,Toboyne Township,2nd Township
Perry,Tuscarora Township,2nd Township
Perry,Tyrone Township,2nd Township
Perry,Watts Township,2nd Township
Perry,Wheatfield Township,2nd Township
Philadelphia,Philadelphia City,City
Pike,Blooming Grove Township,2nd Township
Pike,Delaware Township,2nd Township
Pike,Dingman Township,2nd Township
Pike,Greene Township,2nd Township
Pike,Lackawaxen Township,2nd Township
Pike,Lehman Township,2nd Township
Pike,Matamoras Borough,Borough
Pike,Milford Borough,Borough
Pike,Milford Township,2nd Township
Pike,Palmyra Township,2nd Township
Pike,Porter Township,2nd Township
Pike,Shohola Township,2nd Township
Pike,Westfall Township,2nd Township
Potter,Abbott Township,2nd Township
Potter,Allegany Township,2nd Township
Potter,Austin Borough,Borough
Potter,Bingham Township,2nd Township
Potter,Clara Township,2nd Township
Potter,Coudersport Borough,Borough
Potter,Eulalia Township,2nd Township
Potter,Galeton Borough,Borough
Potter,Genesee Township,2nd Township
Potter,Harrison Township,2nd Township
Potter,Hebron Township,2nd Township
Potter,Hector Township,2nd Township
Potter,Homer Township,2nd Township
Potter,Keating Township,2nd Township
Potter,Oswayo Borough,Borough
Potter,Oswayo Township,2nd Township
Potter,Pike Township,2nd Township
Potter,Pleasant Valley Township,2nd Township
Potter,Portage Township,2nd Township
Potter,Roulette Township,2nd Township
Potter,Sharon Township,2nd Township
Potter,Shinglehouse Borough,Borough
Potter,Stewardson Township,2nd Township
Potter,Summit Township,2nd Township
Potter,Sweden Township,2nd Township
Potter,Sylvania Township,2nd Township
Potter,Ulysses Borough,Borough
Potter,Ulysses Township,2nd Township
Potter,West Branch Township,2nd Township
Potter,Wharton Township,2nd Township
Schuylkill,Ashland Borough,Borough
Schuylkill,Auburn Borough,Borough
Schuylkill,Barry Township,2nd Township
Schuylkill,Blythe Township,2nd Township
Schuylkill,Branch Township,2nd Township
Schuylkill,Butler Township,2nd Township
Schuylkill,Cass Township,2nd Township
Schuylkill,Coaldale Borough,Borough
Schuylkill,Cressona Borough,Borough
Schuylkill,Deer Lake Borough,Borough
Schuylkill,Delano Township,2nd Township
Schuylkill,East Brunswick Township,2nd Township
Schuylkill,East Norwegian Township,2nd Township
Schuylkill,East Union Township,2nd Township
Schuylkill,Eldred Township,2nd Township
Schuylkill,Foster Township,2nd Township
Schuylkill,Frackville Borough,Borough
Schuylkill,Frailey Township,2nd Township
Schuylkill,Gilberton Borough,Borough
Schuylkill,Girardville Borough,Borough
Schuylkill,Gordon Borough,Borough
Schuylkill,Hegins Township,2nd Township
Schuylkill,Hubley Township,2nd Township
Schuylkill,Kline Township,2nd Township
Schuylkill,Landingville Borough,Borough
Schuylkill,Mahanoy City Borough,Borough
Schuylkill,Mahanoy Township,2nd Township
Schuylkill,Mcadoo Borough,Borough
Schuylkill,Mechanicsville Borough,Borough
Schuylkill,Middleport Borough,Borough
Schuylkill,Minersville Borough,Borough
Schuylkill,Mt Carbon Borough,Borough
Schuylkill,New Castle Township,2nd Township
Schuylkill,New Philadelphia Borough,Borough
Schuylkill,New Ringgold Borough,Borough
Schuylkill,North Manheim Township,2nd Township
Schuylkill,North Union Township,2nd Township
Schuylkill,Norwegian Township,2nd Township
Schuylkill,Orwigsburg Borough,Borough
Schuylkill,Palo Alto Borough,Borough
Schuylkill,Pine Grove Borough,Borough
Schuylkill,Pine Grove Township,2nd Township
Schuylkill,Port Carbon Borough,Borough
Schuylkill,Port Clinton Borough,Borough
Schuylkill,Porter Township,2nd Township
Schuylkill,Pottsville City,City
Schuylkill,Reilly Township,2nd Township
Schuylkill,Ringtown Borough,Borough
Schuylkill,Rush Township,2nd Township
Schuylkill,Ryan Township,2nd Township
Schuylkill,Schuylkill Haven Borough,Borough
Schuylkill,Schuylkill Township,2nd Township
Schuylkill,Shenandoah Borough,Borough
Schuylkill,South Manheim Township,2nd Township
Schuylkill,St Clair Borough,Borough
Schuylkill,Tamaqua Borough,Borough
Schuylkill,Tower City Borough,Borough
Schuylkill,Tremont Borough,Borough
Schuylkill,Tremont Township,2nd Township
Schuylkill,Union Township,2nd Township
Schuylkill,Upper Mahantango Township,2nd Township
Schuylkill,Walker Township,2nd Township
Schuylkill,Washington Township,2nd Township
Schuylkill,Wayne Township,2nd Township
Schuylkill,West Brunswick Township,2nd Township
Schuylkill,West Mahanoy Township,2nd Township
Schuylkill,West Penn Township,2nd Township
Snyder,Adams Township,2nd Township
Snyder,Beaver Township,2nd Township
Snyder,Beavertown Borough,Borough
Snyder,Center Township,2nd Township
Snyder,Chapman Township,2nd Township
Snyder,Franklin Township,2nd Township
Snyder,Freeburg Borough,Borough
Snyder,Jackson Township,2nd Township
Snyder,Mcclure Borough,Borough
Snyder,Middleburg Borough,Borough
Snyder,Middlecreek Township,2nd Township
Snyder,Monroe Township,2nd Township
Snyder,Penn Township,2nd Township
Snyder,Perry Township,2nd Township
Snyder,Selinsgrove Borough,Borough
Snyder,Shamokin Dam Borough,Borough
Snyder,Spring Township,2nd Township
Snyder,Union Township,2nd Township
Snyder,Washington Township,2nd Township
Snyder,West Beaver Township,2nd Township
Snyder,West Perry Township,2nd Township
Somerset,Addison Borough,Borough
Somerset,Addison Township,2nd Township
Somerset,Allegheny Township,2nd Township
Somerset,Benson Borough,Borough
Somerset,Berlin Borough,Borough
Somerset,Black Township,2nd Township
Somerset,Boswell Borough,Borough
Somerset,Brothersvalley Township,2nd Township
Somerset,Callimont Borough,Borough
Somerset,Casselman Borough,Borough
Somerset,Central City Borough,Borough
Somerset,Conemaugh Township,2nd Township
Somerset,Confluence Borough,Borough
Somerset,Elk Lick Township,2nd Township
Somerset,Fairhope Township,2nd Township
Somerset,Garrett Borough,Borough
Somerset,Greenville Township,2nd Township
Somerset,Hooversville Borough,Borough
Somerset,Indian Lake Borough,Borough
Somerset,Jefferson Township,2nd Township
Somerset,Jenner Township,2nd Township
Somerset,Jennerstown Borough,Borough
Somerset,Larimer Township,2nd Township
Somerset,Lincoln Township,2nd Township
Somerset,Lower Turkeyfoot Township,2nd Township
Somerset,Meyersdale Borough,Borough
Somerset,Middlecreek Township,2nd Township
Somerset,Milford Township,2nd Township
Somerset,New Baltimore Borough,Borough
Somerset,New Centerville Borough,Borough
Somerset,Northampton Township,2nd Township
Somerset,Ogle Township,2nd Township
Somerset,Paint Borough,Borough
Somerset,Paint Township,2nd Township
Somerset,Quemahoning Township,2nd Township
Somerset,Rockwood Borough,Borough
Somerset,Salisbury Borough,Borough
Somerset,Seven Springs Borough,Borough
Somerset,Shade Township,2nd Township
Somerset,Shanksville Borough,Borough
Somerset,Somerset Borough,Borough
Somerset,Somerset Township,2nd Township
Somerset,Southampton Township,2nd Township
Somerset,Stonycreek Township,2nd Township
Somerset,Stoystown Borough,Borough
Somerset,Summit Township,2nd Township
Somerset,Upper Turkeyfoot Township,2nd Township
Somerset,Ursina Borough,Borough
Somerset,Wellersburg Borough,Borough
Somerset,Windber Borough,Borough
Sullivan,Cherry Township,2nd Township
Sullivan,Colley Township,2nd Township
Sullivan,Davidson Township,2nd Township
Sullivan,Dushore Borough,Borough
Sullivan,Eagles Mere Borough,Borough
Sullivan,Elkland Township,2nd Township
Sullivan,Forks Township,2nd Township
Sullivan,Forksville Borough,Borough
Sullivan,Fox Township,2nd Township
Sullivan,Hillsgrove Township,2nd Township
Sullivan,Laporte Borough,Borough
Sullivan,Laporte Township,2nd Township
Sullivan,Shrewsbury Township,2nd Township
Susquehanna,Apolacon Township,2nd Township
Susquehanna,Ararat Township,2nd Township
Susquehanna,Auburn Township,2nd Township
Susquehanna,Bridgewater Township,2nd Township
Susquehanna,Brooklyn Township,2nd Township
Susquehanna,Choconut Township,2nd Township
Susquehanna,Clifford Township,2nd Township
Susquehanna,Dimock Township,2nd Township
Susquehanna,Forest City Borough,Borough
Susquehanna,Forest Lake Township,2nd Township
Susquehanna,Franklin Township,2nd Township
Susquehanna,Friendsville Borough,Borough
Susquehanna,Gibson Township,2nd Township
Susquehanna,Great Bend Borough,Borough
Susquehanna,Great Bend Township,2nd Township
Susquehanna,Hallstead Borough,Borough
Susquehanna,Harford Township,2nd Township
Susquehanna,Harmony Township,2nd Township
Susquehanna,Herrick Township,2nd Township
Susquehanna,Hop Bottom Borough,Borough
Susquehanna,Jackson Township,2nd Township
Susquehanna,Jessup Township,2nd Township
Susquehanna,Lanesboro Borough,Borough
Susquehanna,Lathrop Township,2nd Township
Susquehanna,Lenox Township,2nd Township
Susquehanna,Liberty Township,2nd Township
Susquehanna,Little Meadows Borough,Borough
Susquehanna,Middletown Township,2nd Township
Susquehanna,Montrose Borough,Borough
Susquehanna,New Milford Borough,Borough
Susquehanna,New Milford Township,2nd Township
Susquehanna,Oakland Borough,Borough
Susquehanna,Oakland Township,2nd Township
Susquehanna,Rush Township,2nd Township
Susquehanna,Silver Lake Township,2nd Township
Susquehanna,Springville Township,2nd Township
Susquehanna,Susquehanna Depot Borough,Borough
Susquehanna,Thompson Borough,Borough
Susquehanna,Thompson Township,2nd Township
Susquehanna,Uniondale Borough,Borough
Tioga,Bloss Township,2nd Township
Tioga,Blossburg Borough,Borough
Tioga,Brookfield Township,2nd Township
Tioga,Charleston Township,2nd Township
Tioga,Chatham Township,2nd Township
Tioga,Clymer Township,2nd Township
Tioga,Covington Township,2nd Township
Tioga,Deerfield Township,2nd Township
Tioga,Delmar Township,2nd Township
Tioga,Duncan Township,2nd Township
Tioga,Elk Township,2nd Township
Tioga,Elkland Borough,Borough
Tioga,Farmington Township,2nd Township
Tioga,Gaines Township,2nd Township
Tioga,Hamilton Township,2nd Township
Tioga,Jackson Township,2nd Township
Tioga,Knoxville Borough,Borough
Tioga,Lawrence Township,2nd Township
Tioga,Lawrenceville Borough,Borough
Tioga,Liberty Borough,Borough
Tioga,Liberty Township,2nd Township
Tioga,Mansfield Borough,Borough
Tioga,Middlebury Township,2nd Township
Tioga,Morris Township,2nd Township
Tioga,Nelson Township,2nd Township
Tioga,Osceola Township,2nd Township
Tioga,Putnam Township,2nd Township
Tioga,Richmond Township,2nd Township
Tioga,Roseville Borough,Borough
Tioga,Rutland Township,2nd Township
Tioga,Shippen Township,2nd Township
Tioga,Sullivan Township,2nd Township
Tioga,Tioga Borough,Borough
Tioga,Tioga Township,2nd Township
Tioga,Union Township,2nd Township
Tioga,Ward Township,2nd Township
Tioga,Wellsboro Borough,Borough
Tioga,Westfield Borough,Borough
Tioga,Westfield Township,2nd Township
Union,Buffalo Township,2nd Township
Union,East Buffalo Township,2nd Township
Union,Gregg Township,2nd Township
Union,Hartleton Borough,Borough
Union,Hartley Township,2nd Township
Union,Kelly Township,2nd Township
Union,Lewis Township,2nd Township
Union,Lewisburg Borough,Borough
Union,Limestone Township,2nd Township
Union,Mifflinburg Borough,Borough
Union,New Berlin Borough,Borough
Union,Union Township,2nd Township
Union,West Buffalo Township,2nd Township
Union,White Deer Township,2nd Township
Venango,Allegheny Township,2nd Township
Venango,Barkeyville Borough,Borough
Venango,Canal Township,2nd Township
Venango,Cherrytree Township,2nd Township
Venango,Clinton Township,2nd Township
Venango,Clintonville Borough,Borough
Venango,Cooperstown Borough,Borough
Venango,Cornplanter Township,2nd Township
Venango,Cranberry Township,2nd Township
Venango,Emlenton Borough,Borough
Venango,Franklin City,City
Venango,Frenchcreek Township,2nd Township
Venango,Irwin Township,2nd Township
Venango,Jackson Township,2nd Township
Venango,Mineral Township,2nd Township
Venango,Oakland Township,2nd Township
Venango,Oil City,City
Venango,Oilcreek Township,2nd Township
Venango,Pinegrove Township,2nd Township
Venango,Pleasantville Borough,Borough
Venango,Plum Township,2nd Township
Venango,Polk Borough,Borough
Venango,President Township,2nd Township
Venango,Richland Township,2nd Township
Venango,Rockland Township,2nd Township
Venango,Rouseville Borough,Borough
Venango,Sandycreek Township,2nd Township
Venango,Scrubgrass Township,2nd Township
Venango,Sugarcreek Borough,Borough
Venango,Utica Borough,Borough
Venango,Victory Township,2nd Township
Warren,Bear Lake Borough,Borough
Warren,Brokenstraw Township,2nd Township
Warren,Cherry Grove Township,2nd Township
Warren,Clarendon Borough,Borough
Warren,Columbus Township,2nd Township
Warren,Conewango Township,2nd Township
Warren,Deerfield Township,2nd Township
Warren,Eldred Township,2nd Township
Warren,Elk Township,2nd Township
Warren,Farmington Township,2nd Township
Warren,Freehold Township,2nd Township
Warren,Glade Township,2nd Township
Warren,Limestone Township,2nd Township
Warren,Mead Township,2nd Township
Warren,Pine Grove Township,2nd Township
Warren,Pittsfield Township,2nd Township
Warren,Pleasant Township,2nd Township
Warren,Sheffield Township,2nd Township
Warren,Southwest Township,2nd Township
Warren,Spring Creek Township,2nd Township
Warren,Sugar Grove Borough,Borough
Warren,Sugar Grove Township,2nd Township
Warren,Tidioute Borough,Borough
Warren,Triumph Township,2nd Township
Warren,Warren City,City
Warren,Watson Township,2nd Township
Warren,Youngsville Borough,Borough
Washington,Allenport Borough,Borough
Washington,Amwell Township,2nd Township
Washington,Beallsville Borough,Borough
Washington,Bentleyville Borough,Borough
Washington,Blaine Township,2nd Township
Washington,Buffalo Township,2nd Township
Washington,Burgettstown Borough,Borough
Washington,California Borough,Borough
Washington,Canonsburg Borough,Borough
Washington,Canton Township,2nd Township
Washington,Carroll Township,2nd Township
Washington,Cecil Township,2nd Township
Washington,Centerville Borough,Borough
Washington,Charleroi Borough,Borough
Washington,Chartiers Township,2nd Township
Washington,Claysville Borough,Borough
Washington,Coal Center Borough,Borough
Washington,Cokeburg Borough,Borough
Washington,Cross Creek Township,2nd Township
Washington,Deemston Borough,Borough
Washington,Donegal Township,2nd Township
Washington,Donora Borough,Borough
Washington,Dunlevy Borough,Borough
Washington,East Bethlehem Township,1st Township
Washington,East Finley Township,2nd Township
Washington,East Washington Borough,Borough
Washington,Elco Borough,Borough
Washington,Ellsworth Borough,Borough
Washington,Fallowfield Township,2nd Township
Washington,Finleyville Borough,Borough
Washington,Green Hills Borough,Borough
Washington,Hanover Township,2nd Township
Washington,Hopewell Township,2nd Township
Washington,Houston Borough,Borough
Washington,Independence Township,2nd Township
Washington,Jefferson Township,2nd Township
Washington,Long Branch Borough,Borough
Washington,Marianna Borough,Borough
Washington,Mcdonald Borough,Borough
Washington,Midway Borough,Borough
Washington,Monongahela City,City
Washington,Morris Township,2nd Township
Washington,Mt Pleasant Township,2nd Township
Washington,New Eagle Borough,Borough
Washington,North Bethlehem Township,2nd Township
Washington,North Charleroi Borough,Borough
Washington,North Franklin Township,2nd Township
Washington,North Strabane Township,2nd Township
Washington,Nottingham Township,2nd Township
Washington,Peters Township,2nd Township
Washington,Robinson Township,2nd Township
Washington,Roscoe Borough,Borough
Washington,Smith Township,2nd Township
Washington,Somerset Township,2nd Township
Washington,South Franklin Township,2nd Township
Washington,South Strabane Township,2nd Township
Washington,Speers Borough,Borough
Washington,Stockdale Borough,Borough
Washington,Twilight Borough,Borough
Washington,Union Township,2nd Township
Washington,Washington City,City
Washington,West Bethlehem Township,2nd Township
Washington,West Brownsville Borough,Borough
Washington,West Finley Township,2nd Township
Washington,West Middletown Borough,Borough
Washington,West Pike Run Township,2nd Township
Wayne,Berlin Township,2nd Township
Wayne,Bethany Borough,Borough
Wayne,Buckingham Township,2nd Township
Wayne,Canaan Township,2nd Township
Wayne,Cherry Ridge Township,2nd Township
Wayne,Clinton Township,2nd Township
Wayne,Damascus Township,2nd Township
Wayne,Dreher Township,2nd Township
Wayne,Dyberry Township,2nd Township
Wayne,Hawley Borough,Borough
Wayne,Honesdale Borough,Borough
Wayne,Lake Township,2nd Township
Wayne,Lebanon Township,2nd Township
Wayne,Lehigh Township,2nd Township
Wayne,Manchester Township,2nd Township
Wayne,Mt Pleasant Township,2nd Township
Wayne,Oregon Township,2nd Township
Wayne,Palmyra Township,2nd Township
Wayne,Paupack Township,2nd Township
Wayne,Preston Township,2nd Township
Wayne,Prompton Borough,Borough
Wayne,Salem Township,2nd Township
Wayne,Scott Township,2nd Township
Wayne,South Canaan Township,2nd Township
Wayne,Starrucca Borough,Borough
Wayne,Sterling Township,2nd Township
Wayne,Texas Township,2nd Township
Wayne,Waymart Borough,Borough
Westmoreland,Adamsburg Borough,Borough
Westmoreland,Allegheny Township,2nd Township
Westmoreland,Arnold City,City
Westmoreland,Arona Borough,Borough
Westmoreland,Avonmore Borough,Borough
Westmoreland,Bell Township,2nd Township
Westmoreland,Bolivar Borough,Borough
Westmoreland,Cook Township,2nd Township
Westmoreland,Delmont Borough,Borough
Westmoreland,Derry Borough,Borough
Westmoreland,Derry Township,2nd Township
Westmoreland,Donegal Borough,Borough
Westmoreland,Donegal Township,2nd Township
Westmoreland,East Huntingdon Township,2nd Township
Westmoreland,East Vandergrift Borough,Borough
Westmoreland,Export Borough,Borough
Westmoreland,Fairfield Township,2nd Township
Westmoreland,Greensburg City,City
Westmoreland,Hempfield Township,2nd Township
Westmoreland,Hunker Borough,Borough
Westmoreland,Hyde Park Borough,Borough
Westmoreland,Irwin Borough,Borough
Westmoreland,Jeannette City,City
Westmoreland,Latrobe Borough,Borough
Westmoreland,Laurel Mountain Borough,Borough
Westmoreland,Ligonier Borough,Borough
Westmoreland,Ligonier Township,2nd Township
Westmoreland,Lower Burrell City,City
Westmoreland,Loyalhanna Township,2nd Township
Westmoreland,Madison Borough,Borough
Westmoreland,Manor Borough,Borough
Westmoreland,Monessen City,City
Westmoreland,Mt Pleasant Borough,Borough
Westmoreland,Mt Pleasant Township,2nd Township
Westmoreland,Murrysville Borough,Borough
Westmoreland,New Alexandria Borough,Borough
Westmoreland,New Florence Borough,Borough
Westmoreland,New Kensington City,City
Westmoreland,New Stanton Borough,Borough
Westmoreland,North Belle Vernon Borough,Borough
Westmoreland,North Huntingdon Township,1st Township
Westmoreland,North Irwin Borough,Borough
Westmoreland,Oklahoma Borough,Borough
Westmoreland,Penn Borough,Borough
Westmoreland,Penn Township,1st Township
Westmoreland,Rostraver Township,1st Township
Westmoreland,Salem Township,2nd Township
Westmoreland,Scottdale Borough,Borough
Westmoreland,Seward Borough,Borough
Westmoreland,Sewickley Township,2nd Township
Westmoreland,Smithton Borough,Borough
Westmoreland,South Greensburg Borough,Borough
Westmoreland,South Huntingdon Township,2nd Township
Westmoreland,Southwest Greensburg Borough,Borough
Westmoreland,St. Clair Township,2nd Township
Westmoreland,Sutersville Borough,Borough
Westmoreland,Trafford Borough,Borough
Westmoreland,Unity Township,2nd Township
Westmoreland,Upper Burrell Township,2nd Township
Westmoreland,Vandergrift Borough,Borough
Westmoreland,Washington Township,2nd Township
Westmoreland,West Leechburg Borough,Borough
Westmoreland,West Newton Borough,Borough
Westmoreland,Youngstown Borough,Borough
Westmoreland,Youngwood Borough,Borough
Wyoming,Braintrim Township,2nd Township
Wyoming,Clinton Township,2nd Township
Wyoming,Eaton Township,2nd Township
Wyoming,Exeter Township,2nd Township
Wyoming,Factoryville Borough,Borough
Wyoming,Falls Township,2nd Township
Wyoming,Forkston Township,2nd Township
Wyoming,Laceyville Borough,Borough
Wyoming,Lemon Township,2nd Township
Wyoming,Mehoopany Township,2nd Township
Wyoming,Meshoppen Borough,Borough
Wyoming,Meshoppen Township,2nd Township
Wyoming,Monroe Township,2nd Township
Wyoming,Nicholson Borough,Borough
Wyoming,Nicholson Township,2nd Township
Wyoming,North Branch Township,2nd Township
Wyoming,Northmoreland Township,2nd Township
Wyoming,Noxen Township,2nd Township
Wyoming,Overfield Township,2nd Township
Wyoming,Tunkhannock Borough,Borough
Wyoming,Tunkhannock Township,2nd Township
Wyoming,Washington Township,2nd Township
Wyoming,Windham Township,2nd Township
York,Carroll Township,2nd Township
York,Chanceford Township,2nd Township
York,Codorus Township,2nd Township
York,Conewago Township,2nd Township
York,Cross Roads Borough,Borough
York,Dallastown Borough,Borough
York,Delta Borough,Borough
York,Dillsburg Borough,Borough
York,Dover Borough,Borough
York,Dover Township,2nd Township
York,East Hopewell Township,2nd Township
York,East Manchester Township,2nd Township
York,East Prospect Borough,Borough
York,Fairview Township,2nd Township
York,Fawn Grove Borough,Borough
York,Fawn Township,2nd Township
York,Felton Borough,Borough
York,Franklin Township,2nd Township
York,Franklintown Borough,Borough
York,Glen Rock Borough,Borough
York,Goldsboro Borough,Borough
York,Hallam Borough,Borough
York,Hanover Borough,Borough
York,Heidelberg Township,2nd Township
York,Hellam Township,2nd Township
York,Hopewell Township,2nd Township
York,Jackson Township,2nd Township
York,Jacobus Borough,Borough
York,Jefferson Borough,Borough
York,Lewisberry Borough,Borough
York,Loganville Borough,Borough
York,Lower Chanceford Township,2nd Township
York,Lower Windsor Township,2nd Township
York,Manchester Borough,Borough
York,Manchester Township,2nd Township
York,Manheim Township,2nd Township
York,Monaghan Township,2nd Township
York,Mt Wolf Borough,Borough
York,New Freedom Borough,Borough
York,New Salem Borough,Borough
York,Newberry Township,2nd Township
York,North Codorus Township,2nd Township
York,North Hopewell Township,2nd Township
York,North York Borough,Borough
York,Paradise Township,2nd Township
York,Peach Bottom Township,2nd Township
York,Penn Township,1st Township
York,Railroad Borough,Borough
York,Red Lion Borough,Borough
York,Seven Valleys Borough,Borough
York,Shrewsbury Borough,Borough
York,Shrewsbury Township,2nd Township
York,Spring Garden Township,1st Township
York,Spring Grove Borough,Borough
York,Springettsbury Township,2nd Township
York,Springfield Township,2nd Township
York,Stewartstown Borough,Borough
York,Warrington Township,2nd Township
York,Washington Township,2nd Township
York,Wellsville Borough,Borough
York,West Manchester Township,2nd Township
York,West Manheim Township,2nd Township
York,West York Borough,Borough
York,Windsor Borough,Borough
York,Windsor Township,2nd Township
York,Winterstown Borough,Borough
York,Wrightsville Borough,Borough
York,Yoe Borough,Borough
York,York City,City
York,York Haven Borough,Borough
York,York Township,1st Township
York,Yorkana Borough,Borough
